axon_diam,axon_gratio,fibre_diam
5.15707580531087,0.626951604624013,8.22563618511449
5.79978139265736,0.649367157086028,8.93143629050062
6.74493666816691,0.69868137250246,9.65380920920883
5.19488201633125,0.600052941669595,8.65737280093478
7.04738635632997,0.676265820040445,10.4210299374712
7.69009194367646,0.671782709548043,11.4472906705952
5.76197518163698,0.595569831177192,9.67472642166573
4.24972674082171,0.600052941669595,7.08225299087312
7.99254163183952,0.685232041025251,11.6639928569029
5.95100623673889,0.649367157086028,9.16431663012256
5.19488201633125,0.640400936101222,8.11192133471546
2.35941618980261,0.519356952806342,4.54295677963589
6.40468076898348,0.662816488563237,9.66282655832336
5.45952549347393,0.595569831177192,9.16689396889485
3.30457146531216,0.591086720684789,5.59067113110531
8.18157268694143,0.685232041025251,11.939857153644
7.27422362245226,0.680748930532848,10.6856188767839
8.55963479714524,0.69868137250246,12.2511278159417
5.15707580531087,0.685232041025251,7.52602840578616
4.24972674082171,0.671782709548043,6.32604364539363
4.8924323281682,0.626951604624013,7.80352469326914
5.08146338327011,0.62246849413161,8.16340655177918
4.8924323281682,0.689715151517654,7.09340996410309
6.36687455796309,0.703164482994863,9.05460203400177
4.28753295184209,0.613502273146804,6.98861787398159
4.0606956857198,0.662816488563237,6.12642527122706
5.27049443837202,0.747995587918893,7.04615712110793
7.27422362245226,0.739029366934087,9.8429425783577
5.61075033755545,0.689715151517654,8.1348805013338
6.66932424612615,0.721096924964475,9.24885964040786
6.9717739342892,0.676265820040445,10.3092212081223
5.87539381469813,0.604536052161998,9.71884769102851
2.35941618980261,0.555221836745566,4.2495017912702
6.78274287918729,0.694198262010057,9.77061345493404
8.52182858612486,0.739029366934087,11.5311095436955
3.60702115347521,0.613502273146804,5.87939329869784
5.27049443837202,0.631434715116416,8.34685567992617
7.08519256735035,0.734546256441684,9.64567242051263
3.45579630939369,0.66729959905564,5.17877773984027
6.10223108082042,0.635917825608819,9.59594280122314
6.48029319102424,0.662816488563237,9.77690401919744
2.92650935510834,0.555221836745566,5.27088302625502
5.76197518163698,0.653850267578431,8.81237718686996
4.21192052980132,0.703164482994863,5.98995061847015
6.9717739342892,0.644884046593625,10.8108953402013
7.12299877837073,0.712130703979669,10.0023756012268
7.76570436571723,0.730063145949281,10.6370310688943
7.84131678775799,0.676265820040445,11.5950215956338
5.49733170449431,0.631434715116416,8.70609672368232
6.10223108082042,0.689715151517654,8.84746560575482
6.85835530122806,0.730063145949281,9.39419465190278
6.66932424612615,0.662816488563237,10.0620976713826
4.55217642898476,0.69868137250246,6.51538255940655
5.08146338327011,0.689715151517654,7.36748115811117
3.90947084163827,0.680748930532848,5.7428967807238
5.27049443837202,0.609019162654401,8.65406995635514
4.24972674082171,0.649367157086028,6.54441280937574
5.11926959429049,0.716613814472072,7.1436937035073
7.27422362245226,0.658333378070834,11.0494528528517
3.30457146531216,0.555221836745566,5.95180384957824
4.476564006944,0.617985383639207,7.24380240286963
4.24972674082171,0.577637389207581,7.35708390804065
3.68263357551598,0.658333378070834,5.59387340545833
5.68636275959622,0.591086720684789,9.62018357138597
5.15707580531087,0.582120499699983,8.85912076274372
7.95473542081913,0.739029366934087,10.7637609230874
4.85462611714782,0.707647593487266,6.86023122501465
7.65228573265608,0.694198262010057,11.0231992089678
5.76197518163698,0.626951604624013,9.19046245218955
3.45579630939369,0.644884046593625,5.35878709924323
6.21564971388156,0.591086720684789,10.5156307803372
3.07773419918987,0.595569831177192,5.16771340332413
6.36687455796309,0.640400936101222,9.94201319680261
5.45952549347393,0.69868137250246,7.81404186277301
3.45579630939369,0.69868137250246,4.94616923450541
6.66932424612615,0.69868137250246,9.54558760059495
3.87166463061789,0.559704947237969,6.91733144351104
3.72043978653636,0.528323173791148,7.04197728038159
6.1400372918408,0.617985383639207,9.93557041055438
4.476564006944,0.595569831177192,7.51643849738947
5.79978139265736,0.69868137250246,8.30103910153543
6.9717739342892,0.689715151517654,10.108193098192
5.19488201633125,0.649367157086028,7.99991493201286
3.68263357551598,0.689715151517654,5.33935432245135
8.06815405388028,0.680748930532848,11.8518791466408
3.87166463061789,0.600052941669595,6.45220506684846
0.960586382048479,0.456593405912701,2.10381133325465
3.90947084163827,0.658333378070834,5.93843631792527
1.48987333633383,0.47004273738991,3.16965505010653
1.37645470327268,0.559704947237969,2.4592505570394
1.37645470327268,0.582120499699983,2.36455287862579
8.63524721918601,0.69868137250246,12.3593494245556
7.27422362245226,0.721096924964475,10.0877196540682
6.48029319102424,0.712130703979669,9.09986489110747
4.17411431878094,0.62246849413161,6.70574391817877
5.49733170449431,0.653850267578431,8.40763088597328
7.6144795216357,0.725580035456878,10.4943343939185
6.36687455796309,0.739029366934087,8.61518478538478
6.78274287918729,0.671782709548043,10.0966321144981
4.36314537388285,0.707647593487266,6.1657036836392
4.0606956857198,0.564188057730372,7.19741517049342
2.35941618980261,0.514873842313939,4.58251322148927
5.38391307143316,0.756961808903699,7.11252933517298
4.85462611714782,0.582120499699983,8.33955533201428
6.06442486980004,0.653850267578431,9.27494438789474
4.0606956857198,0.680748930532848,5.96504159402988
2.39722240082299,0.541772505268357,4.42477677902014
3.68263357551598,0.712130703979669,5.17128885882319
4.93023853918858,0.617985383639207,7.97792095042001
3.87166463061789,0.716613814472072,5.40272117621698
3.49360252041407,0.591086720684789,5.91047370573076
8.10596026490066,0.74351247742649,10.9022518263012
3.26676525429178,0.730063145949281,4.47463383464466
0.884973960007716,0.429694742958283,2.05954104514989
3.34237767633254,0.568671168222775,5.87752265826703
5.38391307143316,0.595569831177192,9.03993585570213
3.0021217771491,0.66729959905564,4.49891140560806
2.77528451102681,0.577637389207581,4.80454444757121
5.19488201633125,0.734546256441684,7.07223264807923
8.29499132000257,0.689715151517654,12.0266914562486
2.69967208898605,0.640400936101222,4.21559672511056
5.95100623673889,0.613502273146804,9.70005572467518
7.27422362245226,0.761444919396101,9.55318426475472
4.85462611714782,0.644884046593625,7.52790543166742
7.72789815469684,0.66729959905564,11.5808523871936
6.9717739342892,0.66729959905564,10.4477418301399
3.30457146531216,0.703164482994863,4.69957107508841
3.56921494245483,0.635917825608819,5.61269836875183
6.9717739342892,0.712130703979669,9.79002014002228
3.07773419918987,0.631434715116416,4.87419225695
3.30457146531216,0.644884046593625,5.12428782006223
3.26676525429178,0.609019162654401,5.36397777707622
2.39722240082299,0.573154278715178,4.18250807827305
5.98881244775927,0.694198262010057,8.62694820125106
8.06815405388028,0.721096924964475,11.1887234219973
1.52767954735421,0.532806284283551,2.86723259919585
4.77901369510705,0.66729959905564,7.16172121468423
5.11926959429049,0.604536052161998,8.46809644517061
1.67890439143574,0.461076516405104,3.64127066050929
6.29126213592233,0.609019162654401,10.3301546514595
4.28753295184209,0.564188057730372,7.59947484370738
5.57294412653507,0.62246849413161,8.95297381164607
6.66932424612615,0.739029366934087,9.02443738304242
4.51437021796438,0.662816488563237,6.81089003647151
6.48029319102424,0.685232041025251,9.45707848297397
5.11926959429049,0.66729959905564,7.67162096535839
2.96431556612872,0.712130703979669,4.16260041810155
5.87539381469813,0.649367157086028,9.04787646031159
4.28753295184209,0.671782709548043,6.382321085231
8.48402237510448,0.694198262010057,12.2213247128262
8.89989069632868,0.712130703979669,12.4975522703804
3.38018388735292,0.676265820040445,4.99830656405312
4.0606956857198,0.707647593487266,5.73830211971585
6.78274287918729,0.716613814472072,9.46499040656107
3.75824599755674,0.613502273146804,6.1258876487609
7.31202983347264,0.703164482994863,10.3987473916911
4.21192052980132,0.595569831177192,7.07208510121495
7.27422362245226,0.680748930532848,10.6856188767839
8.33279753102295,0.734546256441684,11.3441426703187
2.5862534559249,0.528323173791148,4.89521108333453
2.09477271265994,0.537289394775954,3.89877919241909
6.78274287918729,0.631434715116416,10.7417959716339
1.67890439143574,0.626951604624013,2.67788514943284
5.76197518163698,0.716613814472072,8.04055833877807
8.71085964122677,0.739029366934087,11.7868924172315
1.07400501510962,0.479008958374716,2.24213972689308
1.90574165755803,0.541772505268357,3.51760497076915
3.03992798816948,0.555221836745566,5.47515927325199
6.25345592490195,0.712130703979669,8.78133169930064
7.76570436571722,0.689715151517654,11.259292113026
6.9717739342892,0.734546256441684,9.49126603416663
8.06815405388028,0.694198262010057,11.622261960897
5.38391307143316,0.689715151517654,7.8059950685241
7.46325467755417,0.680748930532848,10.9632998934165
4.66559506204591,0.617985383639207,7.54968513101562
5.76197518163698,0.582120499699983,9.89825162420259
6.36687455796309,0.66729959905564,9.54125338449697
2.35941618980261,0.617985383639207,3.81791584763449
3.98508326367903,0.62246849413161,6.40206420284535
2.5862534559249,0.577637389207581,4.47729579879308
5.08146338327011,0.644884046593625,7.87965435043892
3.07773419918987,0.689715151517654,4.46232650162549
5.76197518163698,0.617985383639207,9.32380495426239
3.68263357551598,0.66729959905564,5.51871090695638
3.0021217771491,0.609019162654401,4.92943730056768
4.8924323281682,0.680748930532848,7.18683806721327
7.08519256735035,0.653850267578431,10.8361086913534
7.16080498939111,0.74351247742649,9.63104884826777
6.48029319102424,0.631434715116416,10.2628079132923
2.88870314408796,0.586603610192386,4.92445510715585
4.85462611714782,0.604536052161998,8.03033350912034
4.28753295184209,0.694198262010057,6.17623694335894
3.98508326367903,0.644884046593625,6.17953457637671
6.10223108082042,0.74351247742649,8.20730151287036
1.79232302449688,0.50142451083673,3.57446232834933
3.56921494245483,0.609019162654401,5.86059546451455
5.64855654857584,0.685232041025251,8.24327557731306
2.96431556612872,0.653850267578431,4.53363057739079
6.17784350286118,0.640400936101222,9.64683709001436
5.38391307143316,0.640400936101222,8.40709744150371
9.2779528065325,0.77489425087331,11.9731857554449
3.30457146531216,0.586603610192386,5.63339776280676
1.56548575837459,0.573154278715178,2.73135142929386
0.884973960007716,0.47004273738991,1.8827521193538
8.78647206326754,0.689715151517654,12.7392765606696
6.32906834694271,0.756961808903699,8.36114619323932
3.90947084163827,0.577637389207581,6.76803634024001
2.69967208898605,0.671782709548043,4.01866861206106
4.24972674082171,0.74351247742649,5.71574367592489
8.18157268694143,0.671782709548043,12.1788973884811
5.49733170449431,0.595569831177192,9.23037302549121
6.17784350286118,0.689715151517654,8.95709408335805
4.43875779592362,0.640400936101222,6.93121690756246
5.57294412653507,0.644884046593625,8.64177700777715
7.6144795216357,0.658333378070834,11.5662972215521
1.30084228123192,0.591086720684789,2.20076384007554
4.96804475020896,0.721096924964475,6.88956585198823
3.19115283225101,0.671782709548043,4.75027532994699
4.58998264000514,0.676265820040445,6.78724623363433
2.39722240082299,0.595569831177192,4.02509038458964
2.39722240082299,0.685232041025251,3.49840967336589
7.57667331061532,0.712130703979669,10.6394419848405
1.94354786857841,0.609019162654401,3.19127539453354
7.08519256735035,0.680748930532848,10.4079378601513
1.07400501510962,0.50142451083673,2.14190768879133
6.9717739342892,0.626951604624013,11.1201149863397
1.37645470327268,0.465559626897507,2.95655942600819
1.67890439143574,0.604536052161998,2.77717827651714
3.79605220857712,0.528323173791148,7.1850950268514
8.25718510898219,0.756961808903699,10.9083245836947
3.0021217771491,0.532806284283551,5.63454648660154
2.28380376776185,0.541772505268357,4.21542943865453
1.98135407959879,0.514873842313939,3.84823216245404
1.48987333633383,0.62246849413161,2.39349196044422
4.17411431878094,0.644884046593625,6.47265867535295
7.84131678775799,0.734546256441684,10.675048329486
6.78274287918729,0.653850267578431,10.3735414903286
6.36687455796309,0.595569831177192,10.6903913272075
2.88870314408796,0.631434715116416,4.57482472048654
2.88870314408796,0.492458289851924,5.86588388014861
4.70340127306629,0.635917825608819,7.39624065194794
2.96431556612872,0.734546256441684,4.03557371660781
3.56921494245483,0.721096924964475,4.94970207039875
1.64109818041535,0.532806284283551,3.08010289822706
7.95473542081913,0.658333378070834,12.0831415902525
5.38391307143316,0.617985383639207,8.7120394979704
1.79232302449688,0.640400936101222,2.79875141252696
5.3083006493924,0.716613814472072,7.40747741976341
4.17411431878094,0.721096924964475,5.78856208405906
5.08146338327011,0.582120499699983,8.72922940506136
3.68263357551598,0.582120499699983,6.32623928793773
4.476564006944,0.69868137250246,6.40716095079268
0.809361537966952,0.438660963943089,1.84507308489833
2.39722240082299,0.649367157086028,3.69162864900697
4.77901369510705,0.703164482994863,6.79643783308374
8.52182858612486,0.739029366934087,11.5311095436955
5.19488201633125,0.685232041025251,7.58120126513439
1.07400501510962,0.456593405912701,2.35221315332568
2.47283482286376,0.550738726253163,4.49003257803782
6.17784350286118,0.66729959905564,9.25797574523355
1.30084228123192,0.541772505268357,2.40108582215255
4.28753295184209,0.604536052161998,7.09227007472691
2.39722240082299,0.505907621329133,4.73845876155206
3.72043978653636,0.559704947237969,6.64714472311882
7.3876422555134,0.712130703979669,10.3739976583348
1.26303607021153,0.375897417049448,3.36005519837182
5.7241689706166,0.66729959905564,8.57810941100134
8.21937889796181,0.707647593487266,11.615073623662
1.37645470327268,0.519356952806342,2.65030572101715
4.36314537388285,0.550738726253163,7.92235077341775
2.69967208898605,0.626951604624013,4.30602947512202
1.07400501510962,0.523840063298745,2.05025367541833
1.79232302449688,0.689715151517654,2.59864238237052
5.19488201633125,0.604536052161998,8.5931715697564
2.69967208898605,0.519356952806342,5.19810522300392
1.7545168134765,0.479008958374716,3.66280584695034
5.98881244775928,0.716613814472072,8.35709879828541
3.56921494245483,0.680748930532848,5.24307095078514
3.22895904327139,0.541772505268357,5.95999060836797
6.48029319102424,0.730063145949281,8.87634614482299
6.59371182408538,0.662816488563237,9.94802021050855
7.27422362245226,0.635917825608819,11.4389364938591
3.79605220857712,0.730063145949281,5.19962174455639
6.59371182408538,0.707647593487266,9.31779021757393
1.18742364817077,0.573154278715178,2.07173477066695
1.48987333633383,0.416245411481074,3.57931473894834
2.20819134572108,0.66729959905564,3.30914532070169
3.38018388735292,0.62246849413161,5.43028911377841
2.88870314408796,0.689715151517654,4.1882553076174
2.20819134572108,0.564188057730372,3.91392783924609
4.17411431878094,0.573154278715178,7.2827063738195
5.45952549347393,0.74351247742649,7.34288348780765
7.6144795216357,0.752478698411296,10.1191961150689
2.5862534559249,0.703164482994863,3.67802060324454
1.79232302449688,0.582120499699983,3.07895534587876
2.47283482286376,0.626951604624013,3.94421962496887
1.98135407959879,0.66729959905564,2.96921215358558
5.79978139265736,0.604536052161998,9.59377256644272
1.48987333633383,0.483492068867118,3.08148454187632
3.34237767633254,0.721096924964475,4.63512956527613
0.658136693885424,0.371414306557045,1.77197453696992
7.99254163183952,0.761444919396101,10.4965460117304
7.95473542081913,0.689715151517654,11.533363307034
1.98135407959879,0.626951604624013,3.16029828297038
5.49733170449431,0.712130703979669,7.71955439327786
4.96804475020896,0.703164482994863,7.0652669046216
4.476564006944,0.62246849413161,7.19163146271224
2.77528451102681,0.653850267578431,4.2445260767503
3.0021217771491,0.577637389207581,5.19724282610497
8.25718510898219,0.730063145949281,11.3102341280981
3.87166463061789,0.707647593487266,5.47117614226375
3.45579630939369,0.54625561576076,6.3263355280675
6.48029319102424,0.609019162654401,10.6405407061085
5.3083006493924,0.586603610192386,9.0492123763975
3.79605220857712,0.644884046593625,5.88641047740047
6.59371182408538,0.640400936101222,10.2962245249485
7.27422362245226,0.658333378070834,11.0494528528517
2.5862534559249,0.649367157086028,3.9827290735344
5.08146338327011,0.626951604624013,8.1050329017301
7.76570436571722,0.712130703979669,10.9048863113462
1.67890439143574,0.653850267578431,2.56771997303549
1.60329196939497,0.447627184927895,3.58175737171377
6.06442486980004,0.613502273146804,9.88492648722247
0.884973960007716,0.389346748526657,2.27297123542596
2.77528451102681,0.716613814472072,3.87277562193154
0.998392593068861,0.434177853450686,2.29950142581894
1.98135407959879,0.689715151517654,2.8727135763786
4.476564006944,0.577637389207581,7.74978228657441
5.87539381469813,0.640400936101222,9.17455531915316
7.08519256735035,0.712130703979669,9.94928673592569
2.39722240082299,0.707647593487266,3.3875935181374
7.00958014530959,0.752478698411296,9.31532036735243
4.0606956857198,0.685232041025251,5.9260154846877
5.68636275959622,0.640400936101222,8.87937921236491
1.79232302449688,0.528323173791148,3.39247474540158
3.56921494245483,0.626951604624013,5.69296723404243
3.30457146531216,0.689715151517654,4.79121193443519
5.61075033755546,0.591086720684789,9.49226254153579
6.40468076898348,0.694198262010057,9.22601095318024
7.57667331061532,0.689715151517654,10.9852209190179
3.56921494245483,0.658333378070834,5.42159194922485
7.76570436571722,0.649367157086028,11.9588807055858
5.15707580531087,0.707647593487266,7.287632788938
2.96431556612872,0.555221836745566,5.33897510858734
5.79978139265736,0.689715151517654,8.40895169534189
2.96431556612872,0.510390731821536,5.80793376782012
6.78274287918729,0.694198262010057,9.77061345493404
2.01916029061917,0.586603610192386,3.44212046352213
3.19115283225101,0.626951604624013,5.08995081712051
9.50479007265479,0.74351247742649,12.7836322337906
8.63524721918601,0.721096924964475,11.9751546848039
4.8924323281682,0.564188057730372,8.67163397227794
5.19488201633125,0.662816488563237,7.83758718433818
5.11926959429049,0.747995587918893,6.84398367714114
7.95473542081913,0.712130703979669,11.1703306378519
4.21192052980132,0.658333378070834,6.39785353454787
8.93769690734906,0.734546256441684,12.1676433974974
6.78274287918729,0.617985383639207,10.9755716862508
7.27422362245226,0.734546256441684,9.90301639775597
4.476564006944,0.600052941669595,7.46028174528792
0.695942904905806,0.434177853450686,1.60289821181506
3.87166463061789,0.680748930532848,5.68736057739729
4.85462611714782,0.626951604624013,7.74322305157695
1.41426091429306,0.609019162654401,2.32219444151646
5.57294412653507,0.689715151517654,8.08006626253218
1.48987333633383,0.649367157086028,2.29434661127534
1.48987333633383,0.555221836745566,2.6833838976268
3.56921494245483,0.703164482994863,5.07593177524142
6.29126213592233,0.74351247742649,8.46154210847704
3.38018388735292,0.604536052161998,5.59136857969743
7.95473542081913,0.644884046593625,12.3351406548778
5.68636275959622,0.730063145949281,7.7888642799554
8.48402237510448,0.761444919396101,11.1420040491348
7.80351057673761,0.747995587918893,10.4325623075517
6.10223108082042,0.707647593487266,8.62326267619848
4.09850189674018,0.541772505268357,7.56498688450434
3.30457146531216,0.662816488563237,4.98565066248632
5.38391307143316,0.662816488563237,8.12278083652336
3.90947084163827,0.537289394775954,7.27628514474679
7.3876422555134,0.779377361365713,9.4789028033454
7.57667331061532,0.730063145949281,10.3781068153544
1.18742364817077,0.600052941669595,1.97886480627337
2.32160997878223,0.591086720684789,3.92769774305297
2.20819134572108,0.644884046593625,3.42416804600003
4.66559506204591,0.69868137250246,6.67771497232736
3.19115283225101,0.604536052161998,5.27868076823295
2.5862534559249,0.680748930532848,3.79912966429568
3.75824599755674,0.62246849413161,6.03764854444525
2.69967208898605,0.577637389207581,4.67364498805996
3.49360252041407,0.568671168222775,6.14344935287006
6.78274287918729,0.747995587918893,9.06789156077585
1.56548575837459,0.50142451083673,3.12207665269943
3.98508326367903,0.725580035456878,5.49227248399928
2.20819134572108,0.523840063298745,4.2153922550627
8.4462161640841,0.689715151517654,12.2459484114551
5.98881244775928,0.739029366934087,8.10361903831274
1.79232302449688,0.461076516405104,3.88725723546098
3.11554041021025,0.703164482994863,4.43074200355055
3.22895904327139,0.564188057730372,5.72319636870891
1.14961743715039,0.366931196064642,3.13305995641718
3.68263357551598,0.528323173791148,6.97041840714669
6.78274287918729,0.725580035456878,9.34802853956199
1.79232302449688,0.617985383639207,2.90026766319651
3.07773419918987,0.644884046593625,4.77253890129074
5.98881244775927,0.671782709548043,8.91480587791309
2.39722240082299,0.66729959905564,3.59242295996511
9.99627081591976,0.752478698411296,13.2844568717026
0.809361537966952,0.366931196064642,2.20575831830981
4.28753295184209,0.716613814472072,5.98304535198042
4.17411431878094,0.626951604624013,6.6577935011175
1.98135407959879,0.644884046593625,3.07241912722854
9.08892175143059,0.712130703979669,12.7629965968861
5.00585096122934,0.685232041025251,7.30533696839327
1.18742364817077,0.519356952806342,2.28633436359046
2.39722240082299,0.47004273738991,5.10000944623563
2.20819134572108,0.689715151517654,3.2015990091883
4.81681990612744,0.591086720684789,8.1490917281089
6.10223108082042,0.810759134812534,7.52656469572976
8.8620844853083,0.712130703979669,12.4444634050792
2.96431556612872,0.62246849413161,4.76219374004489
4.476564006944,0.550738726253163,8.12828986514055
3.94727705265865,0.600052941669595,6.57821465165339
0.884973960007716,0.411762300988671,2.14923502681724
6.59371182408538,0.779377361365713,8.46023011565429
3.30457146531216,0.747995587918893,4.41790234953964
7.00958014530959,0.644884046593625,10.8695201599966
3.98508326367903,0.573154278715178,6.95289804450605
3.68263357551598,0.595569831177192,6.1833783088659
3.98508326367903,0.505907621329133,7.87709671819001
2.39722240082299,0.519356952806342,4.61575105112123
6.29126213592233,0.77489425087331,8.11886541787094
6.29126213592233,0.721096924964475,8.72457213187016
1.48987333633383,0.577637389207581,2.5792536358799
5.57294412653507,0.658333378070834,8.46523100934957
1.48987333633383,0.456593405912701,3.26301982691946
4.43875779592362,0.66729959905564,6.65182146401007
1.30084228123192,0.564188057730372,2.30568914639026
8.8620844853083,0.676265820040445,13.104439441843
5.98881244775927,0.649367157086028,9.22253671502804
5.3083006493924,0.747995587918893,7.09670048209963
1.7545168134765,0.559704947237969,3.13471735801995
6.29126213592233,0.649367157086028,9.68829739427192
2.81309072204719,0.47004273738991,5.98475521112813
6.25345592490195,0.586603610192386,10.660445684695
6.9717739342892,0.69868137250246,9.97847403505044
7.34983604449302,0.671782709548043,10.9407937120588
5.87539381469813,0.595569831177192,9.86516359145481
6.59371182408538,0.685232041025251,9.62259706101863
5.3083006493924,0.631434715116416,8.40672918721886
3.19115283225101,0.725580035456878,4.39807144120446
2.1703851347007,0.613502273146804,3.53769697309883
4.66559506204591,0.609019162654401,7.66083458147849
4.21192052980132,0.747995587918893,5.63094301334039
7.87912299877837,0.680748930532848,11.5741981300082
2.39722240082299,0.568671168222775,4.21548081699808
9.58040249469556,0.779377361365713,12.2923797503018
1.90574165755803,0.487975179359521,3.90540695135223
1.67890439143574,0.676265820040445,2.48261015370454
2.01916029061917,0.555221836745566,3.6366730502793
8.71085964122677,0.74351247742649,11.7158217322426
6.48029319102424,0.653850267578431,9.91097428930381
2.5862534559249,0.721096924964475,3.58655454820073
4.77901369510705,0.676265820040445,7.06676805700639
9.08892175143059,0.734546256441684,12.373518579292
8.25718510898219,0.671782709548043,12.2914522681559
1.83012923551726,0.747995587918893,2.44671127086342
3.79605220857712,0.514873842313939,7.37278124582316
5.3083006493924,0.725580035456878,7.31594088865732
2.77528451102681,0.528323173791148,5.25300544950904
8.18157268694143,0.756961808903699,10.8084352350493
0.884973960007716,0.50142451083673,1.76491962574975
2.88870314408796,0.676265820040445,4.27154982328575
0.960586382048479,0.474525847882313,2.02430781449594
9.20234038449174,0.770411140380907,11.944713545993
3.26676525429178,0.640400936101222,5.10112504547531
4.74120748408667,0.756961808903699,6.26346987168787
3.03992798816948,0.600052941669595,5.06609963399421
0.884973960007716,0.452110295420298,1.95742934627271
7.57667331061532,0.77489425087331,9.77768682897874
1.18742364817077,0.541772505268357,2.19173848178693
4.70340127306629,0.649367157086028,7.24305382824156
2.88870314408796,0.74351247742649,3.88521138755679
1.98135407959879,0.528323173791148,3.75026911157609
4.21192052980132,0.505907621329133,8.32547356913829
4.476564006944,0.716613814472072,6.24682906823653
3.90947084163827,0.747995587918893,5.2265961254068
9.2779528065325,0.716613814472072,12.9469354611417
2.69967208898605,0.694198262010057,3.88890643599297
7.27422362245226,0.765928029888505,9.49726780923681
4.0606956857198,0.658333378070834,6.16814492623657
8.67305343020639,0.69868137250246,12.4134602288626
1.48987333633383,0.519356952806342,2.86868853547316
3.94727705265865,0.62246849413161,6.34132825977867
1.67890439143574,0.483492068867118,3.47245487473996
3.30457146531216,0.577637389207581,5.72084066414998
2.5862534559249,0.600052941669595,4.31004212516462
5.38391307143316,0.694198262010057,7.75558419844497
5.98881244775927,0.756961808903699,7.91164412433544
1.18742364817077,0.461076516405104,2.57532883571866
5.7241689706166,0.756961808903699,7.56203140407687
5.15707580531087,0.577637389207581,8.92787742217569
3.98508326367903,0.703164482994863,5.66735573262472
2.81309072204719,0.505907621329133,5.56048298829057
6.78274287918729,0.671782709548043,10.0966321144981
5.57294412653507,0.617985383639207,9.0179222261164
3.87166463061789,0.658333378070834,5.88100916584745
7.99254163183952,0.725580035456878,11.015382509535
7.08519256735035,0.676265820040445,10.4769343021456
4.77901369510705,0.716613814472072,6.6688830142463
7.69009194367646,0.676265820040445,11.3714041369362
4.51437021796438,0.644884046593625,7.00028205351019
3.11554041021025,0.66729959905564,4.66887798916611
1.67890439143574,0.586603610192386,2.86207647253502
0.884973960007716,0.564188057730372,1.568579745498
6.36687455796309,0.671782709548043,9.47758027628689
6.59371182408538,0.734546256441684,8.97657807967995
2.5862534559249,0.564188057730372,4.58402729460269
1.45206712531344,0.438660963943089,3.31022644974134
2.88870314408796,0.707647593487266,4.08212105951285
5.98881244775927,0.689715151517654,8.68302288934997
1.18742364817077,0.384863638034253,3.08531004445031
1.67890439143574,0.707647593487266,2.37251480381943
1.79232302449688,0.443144074435492,4.04456051179308
6.9717739342892,0.62246849413161,11.2002037051134
2.77528451102681,0.591086720684789,4.69522392215405
5.87539381469813,0.617985383639207,9.50733459114999
7.27422362245226,0.707647593487266,10.2794437364015
2.39722240082299,0.487975179359521,4.91259084933255
2.39722240082299,0.631434715116416,3.79646912568154
5.08146338327011,0.604536052161998,8.40555888287771
1.60329196939497,0.640400936101222,2.50357530573871
3.45579630939369,0.653850267578431,5.28530227905605
4.40095158490323,0.689715151517654,6.38082485968207
3.56921494245483,0.537289394775954,6.64300277868535
5.11926959429049,0.730063145949281,7.01209151933569
1.07400501510962,0.438660963943089,2.44837152924545
9.08892175143059,0.756961808903699,12.007107418793
9.88285218285861,0.765928029888505,12.9031081213952
3.64482736449559,0.689715151517654,5.28454008364974
4.17411431878094,0.550738726253163,7.57911895387976
6.29126213592233,0.626951604624013,10.0346854358802
4.8924323281682,0.649367157086028,7.53415425276898
7.80351057673761,0.801792913827728,9.73257613301164
7.46325467755417,0.658333378070834,11.3365886132408
1.37645470327268,0.479008958374716,2.87354689136297
1.71671060245612,0.514873842313939,3.33423542112938
4.09850189674018,0.604536052161998,6.77958226326244
3.07773419918987,0.519356952806342,5.92604793785728
4.28753295184209,0.582120499699983,7.36537014939659
3.38018388735292,0.541772505268357,6.23912039552212
7.23641741143188,0.74351247742649,9.73274508651045
4.24972674082171,0.635917825608819,6.6828237386695
2.5862534559249,0.66729959905564,3.87570059922853
1.90574165755803,0.595569831177192,3.19986264883695
0.998392593068861,0.371414306557045,2.68808329523925
3.68263357551598,0.721096924964475,5.10698832296006
4.24972674082171,0.66729959905564,6.36854382474665
5.61075033755546,0.716613814472072,7.82953136577319
7.69009194367646,0.649367157086028,11.8424405357749
2.88870314408796,0.644884046593625,4.4794148023145
5.79978139265736,0.716613814472072,8.0933150820293
1.48987333633383,0.600052941669595,2.4829031454931
3.49360252041407,0.582120499699983,6.00151089373183
6.17784350286118,0.747995587918893,8.25919778490868
2.20819134572108,0.54625561576076,4.04241399449189
3.90947084163827,0.559704947237969,6.98487812360909
2.1703851347007,0.510390731821536,4.25239919023373
5.79978139265737,0.66729959905564,8.69142046670671
6.17784350286118,0.69868137250246,8.84214714460479
8.52182858612486,0.721096924964475,11.8178684322426
3.45579630939369,0.712130703979669,4.85275566701636
2.5862534559249,0.532806284283551,4.85402205682045
4.81681990612744,0.568671168222775,8.4703079306466
2.77528451102681,0.568671168222775,4.88029755350566
9.6938211277567,0.756961808903699,12.8062222079555
7.1986112004115,0.649367157086028,11.0855794320036
1.18742364817077,0.50142451083673,2.36810052661628
2.47283482286376,0.456593405912701,5.41583560086839
6.66932424612615,0.591086720684789,11.2831569594383
8.37060374204334,0.747995587918893,11.1907127224272
6.21564971388156,0.792826692842922,7.83985929080346
0.998392593068861,0.416245411481074,2.39856720466036
6.9717739342892,0.765928029888505,9.10238777304452
8.14376647592104,0.707647593487266,11.5082232326811
10.1096894489809,0.752478698411296,13.4351835743994
8.8620844853083,0.756961808903699,11.7074393728571
2.39722240082299,0.725580035456878,3.30387039840963
9.39137143959365,0.756961808903699,12.4066648133743
9.39137143959365,0.783860471858116,11.9809223411045
6.44248698000386,0.707647593487266,9.10408943561226
6.29126213592233,0.573154278715178,10.9765596621302
0.884973960007716,0.528323173791148,1.67506178776393
6.9717739342892,0.730063145949281,9.54954920402673
1.79232302449688,0.66729959905564,2.68593451432216
2.20819134572108,0.591086720684789,3.7358161982777
4.85462611714782,0.613502273146804,7.91297168671804
4.36314537388285,0.770411140380907,5.66339860003273
5.19488201633125,0.626951604624013,8.28593782680668
6.89616151224844,0.644884046593625,10.6936457006108
1.11181122613001,0.577637389207581,1.92475633832363
5.38391307143316,0.609019162654401,8.84030158914451
6.66932424612615,0.644884046593625,10.3418967818394
6.59371182408538,0.756961808903699,8.7107589134979
2.69967208898605,0.613502273146804,4.40042719831952
7.65228573265608,0.716613814472072,10.6783955013392
5.7241689706166,0.582120499699983,9.83330594536141
0.620330482865042,0.353481864587433,1.75491459396103
4.09850189674018,0.582120499699983,7.0406417551907
5.38391307143316,0.765928029888505,7.02926758303505
6.06442486980004,0.725580035456878,8.35803711989048
7.87912299877837,0.752478698411296,10.4708917546949
5.08146338327011,0.680748930532848,7.46451908384586
6.06442486980004,0.582120499699983,10.417817054932
4.36314537388285,0.559704947237969,7.79543828478575
7.46325467755417,0.703164482994863,10.6138106489214
3.68263357551598,0.559704947237969,6.57959804302076
0.809361537966952,0.42521163246588,1.90343225859866
6.10223108082042,0.626951604624013,9.73317722741928
1.90574165755803,0.730063145949281,2.61037920915737
6.25345592490195,0.604536052161998,10.3442233139575
4.28753295184209,0.613502273146804,6.98861787398159
6.36687455796309,0.761444919396101,8.36156942646966
3.64482736449559,0.635917825608819,5.73160118763157
5.68636275959622,0.604536052161998,9.40615987956403
4.58998264000514,0.694198262010057,6.61191894476199
5.3083006493924,0.671782709548043,7.90181196084026
8.10596026490066,0.765928029888505,10.5831879087656
1.67890439143574,0.550738726253163,3.04845893597825
5.19488201633125,0.761444919396101,6.82240026035145
8.14376647592104,0.685232041025251,11.8846842942958
3.45579630939369,0.631434715116416,5.47292732987693
4.28753295184209,0.730063145949281,5.87282480376013
8.18157268694143,0.730063145949281,11.2066644266821
6.70713045714653,0.707647593487266,9.47806580404519
6.17784350286118,0.671782709548043,9.19619307709999
1.98135407959879,0.510390731821536,3.88203381461792
1.37645470327268,0.537289394775954,2.56184975295604
4.8924323281682,0.765928029888505,6.38758752422259
8.37060374204334,0.671782709548043,12.460284587668
1.11181122613001,0.344515643602627,3.22717196381479
4.81681990612744,0.734546256441684,6.55754469359255
8.40840995306372,0.703164482994863,11.9579560066107
7.87912299877837,0.658333378070834,11.9682872860969
2.39722240082299,0.532806284283551,4.49923822510177
1.98135407959879,0.62246849413161,3.18305922031111
3.07773419918987,0.721096924964475,4.26812830929974
5.57294412653507,0.66729959905564,8.3514872995906
6.66932424612615,0.62246849413161,10.7143161605799
3.94727705265865,0.635917825608819,6.20721246315054
1.86793544653765,0.479008958374716,3.89958353362655
1.60329196939497,0.617985383639207,2.59438493505052
3.45579630939369,0.689715151517654,5.01046888964165
1.30084228123192,0.617985383639207,2.10497257001692
6.89616151224844,0.676265820040445,10.1974124787735
2.96431556612872,0.577637389207581,5.13179309634934
4.58998264000514,0.716613814472072,6.40509929799019
3.19115283225101,0.541772505268357,5.89020816157943
3.87166463061789,0.595569831177192,6.5007735918477
0.998392593068861,0.555221836745566,1.79818682730662
8.97550311836945,0.703164482994863,12.7644432212243
7.16080498939111,0.626951604624013,11.4216231948007
1.60329196939497,0.434177853450686,3.69270785382671
2.81309072204719,0.66729959905564,4.21563376634464
2.39722240082299,0.604536052161998,3.96539196008215
7.27422362245226,0.680748930532848,10.6856188767839
7.6144795216357,0.788343582350519,9.65883365084602
4.21192052980132,0.685232041025251,6.14670692208059
7.69009194367646,0.739029366934087,10.405664900137
2.20819134572108,0.626951604624013,3.52210813312353
2.92650935510834,0.783860471858116,3.7334569865108
6.40468076898348,0.734546256441684,8.71923410243661
7.08519256735035,0.703164482994863,10.0761525058456
2.1703851347007,0.66729959905564,3.252489792849
2.39722240082299,0.438660963943089,5.46486375098105
4.81681990612744,0.689715151517654,6.98378148649985
1.30084228123192,0.362448085572239,3.58904442598483
3.64482736449559,0.658333378070834,5.5364462533805
5.68636275959622,0.626951604624013,9.06985916880517
1.11181122613001,0.479008958374716,2.32106562245182
3.30457146531216,0.765928029888505,4.31446733421311
3.94727705265865,0.680748930532848,5.79843298405032
1.37645470327268,0.586603610192386,2.34648181387982
1.60329196939497,0.402796080003865,3.98040608880699
0.317880794701987,0.232437881292553,1.36759461467424
2.81309072204719,0.739029366934087,3.80646676290753
2.96431556612872,0.532806284283551,5.5635897202578
5.11926959429049,0.649367157086028,7.88347476220189
2.5862534559249,0.635917825608819,4.06696172331521
6.48029319102424,0.631434715116416,10.2628079132923
0.809361537966952,0.380380527541851,2.12776806214904
4.476564006944,0.609019162654401,7.35044852682953
8.59744100816563,0.694198262010057,12.3847054633523
3.87166463061789,0.496941400344327,7.7909882894346
2.88870314408796,0.555221836745566,5.2027909439227
5.76197518163698,0.694198262010057,8.30018670019878
5.79978139265736,0.74351247742649,7.80051655989967
3.49360252041407,0.730063145949281,4.78534293889254
1.30084228123192,0.393829859019059,3.30305651397794
9.88285218285861,0.712130703979669,13.87786276821
2.05696650163955,0.568671168222775,3.61714575414125
6.70713045714653,0.770411140380907,8.70591052698223
3.56921494245483,0.613502273146804,5.81776971118208
4.17411431878094,0.707647593487266,5.8985777061871
1.90574165755803,0.653850267578431,2.91464537380407
4.09850189674018,0.756961808903699,5.41441040820277
9.20234038449174,0.707647593487266,13.0041287064129
3.0021217771491,0.69868137250246,4.29683958282218
4.58998264000514,0.662816488563237,6.92496749734558
2.5862534559249,0.510390731821536,5.0672030165885
7.38764225551341,0.725580035456878,10.1817055245485
3.19115283225101,0.694198262010057,4.59688968827292
1.18742364817077,0.429694742958283,2.76341209109475
0.58252427184466,0.375897417049448,1.54968947756305
4.8924323281682,0.582120499699983,8.40450101085546
5.19488201633125,0.703164482994863,7.38786179046703
0.695942904905806,0.331066312125418,2.10212540333056
8.74866585224715,0.725580035456878,12.0574787407682
5.45952549347393,0.725580035456878,7.52436013490395
4.66559506204591,0.626951604624013,7.44171484311599
8.06815405388028,0.662816488563237,12.172530697553
2.47283482286376,0.694198262010057,3.56214493494069
4.8924323281682,0.712130703979669,6.87013254845964
5.68636275959622,0.779377361365713,7.29603275829302
1.26303607021153,0.519356952806342,2.43192290656114
7.3876422555134,0.649367157086028,11.376679856531
7.08519256735035,0.761444919396101,9.30493117344533
1.37645470327268,0.42521163246588,3.23710500413728
8.37060374204334,0.770411140380907,10.8651125396561
4.96804475020896,0.66729959905564,7.44499885394765
1.60329196939497,0.66729959905564,2.40265687505874
0.733749115926188,0.456593405912701,1.60700769311259
6.66932424612615,0.676265820040445,9.86198629072703
3.15334662123063,0.564188057730372,5.58917647763759
8.89989069632868,0.658333378070834,13.5188203921982
5.38391307143316,0.640400936101222,8.40709744150371
2.96431556612872,0.600052941669595,4.94009004918928
8.59744100816563,0.752478698411296,11.4254942051082
4.28753295184209,0.514873842313939,8.32734662256897
7.87912299877837,0.626951604624013,12.5673543869523
5.87539381469813,0.582120499699983,10.0930886607261
1.48987333633383,0.712130703979669,2.09213467135713
2.09477271265994,0.600052941669595,3.49097982393256
2.28380376776185,0.568671168222775,4.0160357960458
7.87912299877837,0.69868137250246,11.2771333384169
0.998392593068861,0.50142451083673,1.9911124635747
8.37060374204334,0.730063145949281,11.465588680222
1.90574165755803,0.756961808903699,2.51761929748886
0.998392593068861,0.398312969511462,2.50655306126086
1.83012923551726,0.559704947237969,3.26981071821606
7.87912299877837,0.810759134812534,9.7182044092543
1.86793544653765,0.456593405912701,4.09102589382289
6.89616151224844,0.756961808903699,9.11031630807913
6.48029319102424,0.609019162654401,10.6405407061085
5.76197518163698,0.649367157086028,8.87321620559513
3.75824599755674,0.689715151517654,5.44898280005459
3.26676525429178,0.591086720684789,5.52671061618022
4.40095158490323,0.541772505268357,8.12324645881264
4.36314537388285,0.635917825608819,6.86117796698911
5.38391307143316,0.586603610192386,9.1781110410613
2.47283482286376,0.582120499699983,4.24797756501999
7.69009194367646,0.689715151517654,11.1496636354227
6.10223108082042,0.649367157086028,9.3971969697445
3.60702115347521,0.586603610192386,6.14899242146197
1.11181122613001,0.609019162654401,1.82557675407814
1.79232302449688,0.694198262010057,2.58186043178385
5.57294412653507,0.69868137250246,7.97637427569382
1.79232302449688,0.514873842313939,3.48109163293642
2.39722240082299,0.671782709548043,3.56844909336202
9.2779528065325,0.730063145949281,12.7084250972135
1.37645470327268,0.564188057730372,2.43970903746157
1.30084228123192,0.465559626897507,2.79414752928801
7.16080498939111,0.721096924964475,9.93043340150687
7.3876422555134,0.756961808903699,9.75959707427362
0.884973960007716,0.474525847882313,1.86496470941916
4.77901369510705,0.550738726253163,8.67746077640134
5.08146338327011,0.577637389207581,8.79697796266444
8.06815405388028,0.74351247742649,10.8514037071798
5.49733170449431,0.555221836745566,9.9011446248529
4.476564006944,0.77489425087331,5.77699989630699
7.46325467755417,0.680748930532848,10.9632998934165
1.98135407959879,0.689715151517654,2.8727135763786
5.68636275959622,0.568671168222775,9.99938642461404
0.620330482865042,0.429694742958283,1.44365387994814
1.79232302449688,0.721096924964475,2.48555078027157
7.57667331061532,0.752478698411296,10.0689538808366
10.2609142930624,0.739029366934087,13.8843119802269
3.87166463061789,0.537289394775954,7.20592043740663
4.476564006944,0.582120499699983,7.69009854360249
3.38018388735292,0.66729959905564,5.0654666841349
3.87166463061789,0.725580035456878,5.3359580493143
7.87912299877837,0.725580035456878,10.8590680748501
3.30457146531216,0.50142451083673,6.59036683268195
2.88870314408796,0.483492068867118,5.97466500506729
1.30084228123192,0.649367157086028,2.00324618674791
2.81309072204719,0.756961808903699,3.71629148123255
4.28753295184209,0.591086720684789,7.25364451915764
2.81309072204719,0.452110295420298,6.22213373714935
1.56548575837459,0.483492068867118,3.23787267502178
4.32533916286247,0.658333378070834,6.57013499078135
1.07400501510962,0.304167649171,3.53096398659355
2.69967208898605,0.707647593487266,3.81499508206075
5.00585096122934,0.626951604624013,7.98442961834572
1.67890439143574,0.456593405912701,3.67702286037117
6.78274287918729,0.591086720684789,11.4750385042136
1.07400501510962,0.532806284283551,2.01575140307102
1.56548575837459,0.555221836745566,2.81956806229144
4.13630810776056,0.492458289851924,8.39930648543716
8.78647206326754,0.694198262010057,12.6570067142292
2.88870314408796,0.62246849413161,4.64072185391152
7.31202983347264,0.788343582350519,9.27518152893583
9.01330932938983,0.747995587918893,12.049949859286
3.19115283225101,0.649367157086028,4.91425043202216
1.56548575837459,0.519356952806342,3.01427707844383
6.48029319102424,0.694198262010057,9.334931453531
4.66559506204591,0.591086720684789,7.89324966840854
1.86793544653765,0.631434715116416,2.95824002358385
6.06442486980004,0.604536052161998,10.031535502493
9.58040249469556,0.783860471858116,12.2220762988412
3.56921494245483,0.555221836745566,6.42844842590449
7.87912299877837,0.77489425087331,10.1679977492394
3.75824599755674,0.617985383639207,6.08144803591485
3.26676525429178,0.716613814472072,4.55861328419742
3.0021217771491,0.730063145949281,4.1121398796888
2.28380376776185,0.640400936101222,3.56620929017641
1.48987333633383,0.626951604624013,2.37637694097188
6.9717739342892,0.658333378070834,10.5900356362291
2.39722240082299,0.510390731821536,4.6968376409727
5.95100623673889,0.626951604624013,9.49197066065051
11.0926509355108,0.765928029888505,14.4826282661644
0.809361537966952,0.308650759663403,2.62225675015216
0.317880794701987,0.214505439322941,1.48192416800868
5.87539381469813,0.671782709548043,8.74597355840096
1.79232302449688,0.600052941669595,2.98694148471283
2.77528451102681,0.54625561576076,5.08056014611717
5.49733170449431,0.74351247742649,7.39373160692898
4.8924323281682,0.604536052161998,8.09287107141324
4.40095158490323,0.730063145949281,6.02817935588407
0.809361537966952,0.50142451083673,1.61412440053312
0.695942904905806,0.537289394775954,1.29528502083316
3.30457146531216,0.532806284283551,6.20220061735142
6.10223108082042,0.676265820040445,9.02342082061084
10.2987205040828,0.783860471858116,13.1384613382405
3.0021217771491,0.505907621329133,5.9341303640808
5.87539381469813,0.725580035456878,8.09751306208219
3.38018388735292,0.609019162654401,5.55020940986559
6.48029319102424,0.671782709548043,9.64641259579903
8.25718510898219,0.707647593487266,11.6684988191524
5.57294412653507,0.604536052161998,9.21854719268535
8.37060374204334,0.640400936101222,13.0708799287581
3.79605220857712,0.479008958374716,7.9248042071221
6.78274287918729,0.734546256441684,9.23392205692329
0.58252427184466,0.286235207201389,2.03512446124354
9.58040249469556,0.730063145949281,13.1227039028774
4.70340127306629,0.671782709548043,7.00137292344218
6.89616151224844,0.707647593487266,9.74519178149729
5.49733170449431,0.676265820040445,8.12895098582024
4.77901369510705,0.77489425087331,6.16731081656765
0.809361537966952,0.573154278715178,1.41211811204005
9.76943354979747,0.716613814472072,13.6327731234076
3.79605220857712,0.573154278715178,6.6230897151926
9.2779528065325,0.770411140380907,12.0428590920236
5.98881244775927,0.810759134812534,7.38667279912181
5.91320002571851,0.694198262010057,8.5180277009003
6.85835530122806,0.62246849413161,11.0179958759133
2.01916029061917,0.537289394775954,3.75804977773877
4.0606956857198,0.721096924964475,5.63127583149775
2.69967208898605,0.658333378070834,4.10076745143488
3.07773419918987,0.617985383639207,4.98027021458927
1.98135407959879,0.362448085572239,5.46658723957832
1.60329196939497,0.371414306557045,4.31672108771805
3.0021217771491,0.66729959905564,4.49891140560806
5.11926959429049,0.541772505268357,9.44911294779486
1.98135407959879,0.66729959905564,2.96921215358558
1.11181122613001,0.783860471858116,1.41837899223888
3.38018388735292,0.739029366934087,4.5738153835156
3.49360252041407,0.461076516405104,7.57705585973625
2.39722240082299,0.54625561576076,4.38846271170032
6.59371182408538,0.788343582350519,8.36400773939914
2.66186587796567,0.591086720684789,4.50334237737878
10.7902012473478,0.765928029888505,14.0877482299721
7.57667331061532,0.653850267578431,11.5877803930186
1.48987333633383,0.653850267578431,2.278615472395
2.1703851347007,0.689715151517654,3.14678477038669
3.79605220857712,0.74351247742649,5.10556624646886
11.3951006236739,0.77489425087331,14.7053621972696
2.96431556612872,0.644884046593625,4.596664441905
5.08146338327011,0.707647593487266,7.18078239795716
1.11181122613001,0.846624018751758,1.31322901489286
7.99254163183952,0.676265820040445,11.8186390543315
5.3083006493924,0.680748930532848,7.79773630380497
2.69967208898605,0.50142451083673,5.3840050309489
3.0021217771491,0.788343582350519,3.80813879171566
7.6144795216357,0.609019162654401,12.5028570340022
6.36687455796309,0.712130703979669,8.94059829520405
4.476564006944,0.685232041025251,6.53291693751815
6.48029319102424,0.586603610192386,11.0471416786864
1.11181122613001,0.559704947237969,1.98642379635301
6.9717739342892,0.739029366934087,9.43368998070006
2.09477271265994,0.77489425087331,2.70330139925431
1.98135407959879,0.50142451083673,3.9514503913909
3.26676525429178,0.631434715116416,5.17355979341347
2.09477271265994,0.635917825608819,3.29409340059689
0.393493216742751,0.331066312125418,1.18856314379001
2.5862534559249,0.62246849413161,4.15483430937805
3.19115283225101,0.680748930532848,4.68770891751996
3.90947084163827,0.779377361365713,5.01614626679386
6.17784350286118,0.797309803335325,7.74836014434776
2.51064103388414,0.756961808903699,3.31673408665132
1.56548575837459,0.595569831177192,2.62855113946971
4.70340127306629,0.519356952806342,9.05620161172675
2.5862534559249,0.541772505268357,4.77368901296283
4.77901369510705,0.649367157086028,7.35949399805253
1.18742364817077,0.586603610192386,2.02423515222031
1.67890439143574,0.631434715116416,2.65887248712038
6.29126213592233,0.644884046593625,9.75564858388687
3.38018388735292,0.568671168222775,5.94400433191779
4.21192052980132,0.761444919396101,5.53148418554264
4.77901369510705,0.828691576782146,5.76693890586438
5.19488201633125,0.730063145949281,7.11566122075166
6.17784350286118,0.756961808903699,8.16136749594871
6.59371182408538,0.730063145949281,9.03170069694692
5.15707580531087,0.600052941669595,8.59436800853231
1.41426091429306,0.452110295420298,3.12813251239571
6.17784350286118,0.730063145949281,8.46206733915914
10.3743329261236,0.712130703979669,14.5680180171248
8.89989069632868,0.734546256441684,12.1161746020487
1.79232302449688,0.537289394775954,3.33586153369781
4.476564006944,0.559704947237969,7.99807832507992
4.0606956857198,0.644884046593625,6.29678421596721
4.09850189674018,0.564188057730372,7.26442511602908
5.27049443837202,0.573154278715178,9.19559468383752
3.75824599755674,0.66729959905564,5.63202196266175
8.59744100816563,0.680748930532848,12.629385993212
10.1096894489809,0.739029366934087,13.6796856813981
2.51064103388414,0.716613814472072,3.50347841917299
5.57294412653507,0.640400936101222,8.70227354829196
4.21192052980132,0.613502273146804,6.86537069895006
9.39137143959365,0.712130703979669,13.1877075192952
4.96804475020896,0.725580035456878,6.84699758460239
8.55963479714524,0.730063145949281,11.7245129337619
7.08519256735035,0.689715151517654,10.2726358145969
3.68263357551598,0.712130703979669,5.17128885882319
2.28380376776185,0.609019162654401,3.74997029290166
7.27422362245226,0.69868137250246,10.4113604695059
6.70713045714653,0.694198262010057,9.66169295458328
5.38391307143316,0.653850267578431,8.23416818558899
3.68263357551598,0.537289394775954,6.85409690070583
3.38018388735292,0.69868137250246,4.83794762589154
3.0021217771491,0.752478698411296,3.98964353873069
8.71085964122677,0.756961808903699,11.5076606755665
9.20234038449174,0.747995587918893,12.3026666642445
3.07773419918987,0.555221836745566,5.54325135558431
1.67890439143574,0.568671168222775,2.95232901763367
4.0606956857198,0.66729959905564,6.08526618548322
4.02288947469941,0.74351247742649,5.41065496119687
7.27422362245226,0.626951604624013,11.6025281198772
0.998392593068861,0.452110295420298,2.20829431044192
0.809361537966952,0.362448085572239,2.23304128283398
1.98135407959879,0.577637389207581,3.43010012270305
4.58998264000514,0.631434715116416,7.2691325486577
2.81309072204719,0.685232041025251,4.10531112619634
1.18742364817077,0.362448085572239,3.27612062371925
6.66932424612615,0.653850267578431,10.2000787899443
1.67890439143574,0.50142451083673,3.34826949052438
4.81681990612744,0.752478698411296,6.40127078188015
1.52767954735421,0.416245411481074,3.67014147235511
2.81309072204719,0.474525847882313,5.92821388887728
6.48029319102424,0.649367157086028,9.97939781879935
1.45206712531344,0.496941400344327,2.92200876060501
8.06815405388028,0.703164482994863,11.4740636778425
4.28753295184209,0.694198262010057,6.17623694335894
7.1986112004115,0.747995587918893,9.62386853168452
7.99254163183952,0.644884046593625,12.3937654746731
2.47283482286376,0.658333378070834,3.75620453896793
7.69009194367646,0.712130703979669,10.7987085807439
6.70713045714653,0.756961808903699,8.86059293646586
0.809361537966952,0.402796080003865,2.0093580303939
3.49360252041407,0.66729959905564,5.23543326769296
2.81309072204719,0.716613814472072,3.92553236518276
0.960586382048479,0.523840063298745,1.8337398174539
2.1703851347007,0.514873842313939,4.21537269197166
9.2779528065325,0.788343582350519,11.7689203213521
0.58252427184466,0.353481864587433,1.64796084383156
8.89989069632868,0.671782709548043,13.2481687453913
3.79605220857712,0.595569831177192,6.37381547865498
8.29499132000257,0.761444919396101,10.8937509578254
3.94727705265865,0.703164482994863,5.61358991831714
5.34610686041278,0.756961808903699,7.06258466085033
8.25718510898219,0.685232041025251,12.0502028723404
1.30084228123192,0.609019162654401,2.13596280872709
1.03619880408924,0.384863638034253,2.69237907062818
6.29126213592233,0.694198262010057,9.0626302026541
5.98881244775927,0.756961808903699,7.91164412433544
2.77528451102681,0.609019162654401,4.55697403498894
6.10223108082042,0.577637389207581,10.5641206660664
1.48987333633383,0.532806284283551,2.79627583285211
3.87166463061789,0.644884046593625,6.00366011699096
5.38391307143316,0.703164482994863,7.65669086200489
5.61075033755546,0.739029366934087,7.59205329124069
4.09850189674018,0.541772505268357,7.56498688450434
7.46325467755417,0.739029366934087,10.0987254518937
5.45952549347393,0.617985383639207,8.8343925892288
5.87539381469813,0.604536052161998,9.71884769102851
5.19488201633125,0.649367157086028,7.99991493201286
2.39722240082299,0.492458289851924,4.86786891442888
5.91320002571851,0.649367157086028,9.10609654521707
4.96804475020896,0.640400936101222,7.75771000656956
6.59371182408539,0.604536052161998,10.9070613745935
5.98881244775927,0.712130703979669,8.40970964219266
6.29126213592233,0.609019162654401,10.3301546514595
3.15334662123063,0.577637389207581,5.45904174512748
3.87166463061789,0.514873842313939,7.51963745763021
7.08519256735035,0.613502273146804,11.5487633501481
5.57294412653507,0.586603610192386,9.50035770272081
4.0606956857198,0.586603610192386,6.92238440944478
9.39137143959365,0.74351247742649,12.6310878764266
4.8924323281682,0.671782709548043,7.28276012262908
7.6144795216357,0.77489425087331,9.82647569401132
7.87912299877837,0.747995587918893,10.5336490295351
7.08519256735035,0.653850267578431,10.8361086913534
7.23641741143188,0.77489425087331,9.3385870436855
6.40468076898348,0.761444919396101,8.41122004473153
8.8620844853083,0.703164482994863,12.6031457783015
5.79978139265736,0.765928029888505,7.57222763279943
4.70340127306629,0.725580035456878,6.48226390367079
7.65228573265608,0.671782709548043,11.3910132307578
2.66186587796567,0.564188057730372,4.71804718567401
2.20819134572108,0.577637389207581,3.82279850123681
4.40095158490323,0.613502273146804,7.17348863652888
0.58252427184466,0.461076516405104,1.26340043597634
9.88285218285861,0.765928029888505,12.9031081213952
4.28753295184209,0.739029366934087,5.80157317648852
2.20819134572108,0.550738726253163,4.00950803068463
2.39722240082299,0.685232041025251,3.49840967336589
1.30084228123192,0.541772505268357,2.40108582215255
1.37645470327268,0.380380527541851,3.6186255699465
1.07400501510962,0.50142451083673,2.14190768879133
1.90574165755803,0.465559626897507,4.09344270304946
4.85462611714782,0.559704947237969,8.67354512606047
2.47283482286376,0.452110295420298,5.46953884464171
4.17411431878094,0.479008958374716,8.71406316270947
3.45579630939369,0.644884046593625,5.35878709924323
4.51437021796438,0.653850267578431,6.90428748264276
9.05111554041021,0.712130703979669,12.7099077315849
1.83012923551726,0.734546256441684,2.49150985314777
1.14961743715039,0.411762300988671,2.79194436787941
2.54844724490452,0.739029366934087,3.44837073995709
2.4970307979168,0.804527611228094,3.10372293389053
2.09061402944769,0.699712487915713,2.98781866202669
6.58010158811805,0.578175362466669,11.3808059202754
3.26018238137332,0.741273237852467,4.39808455896554
2.60986756007314,0.618134307029004,4.22216908266617
2.72306697438029,0.716613814472072,3.79990856914524
2.0672957899223,0.514816135404138,4.01560022647589
2.97015616714786,0.747811637359065,3.971797199676
3.01856099241829,0.714200063011981,4.22649219560157
2.71348156396456,0.684455266696848,3.96443960035505
2.51195643133175,0.600061332357873,4.18616613981991
2.48196211022866,0.66729959905564,3.71941196089601
3.1672408779685,0.748308225441192,4.2325351643718
6.62785855315133,0.651236246194187,10.177348991068
2.54187318784236,0.643849605439526,3.9479300233587
2.29148743286839,0.523811435747403,4.37464185866573
6.11684939925136,0.598130266791036,10.2266174090608
2.56413397766942,0.669194834722896,3.83167030679667
2.97580606911458,0.66729959905564,4.45947528415413
7.08777606283261,0.758452249834137,9.34505245964082
2.26234848044605,0.605885980950714,3.73395086134215
7.62430949699957,0.73289160030245,10.4030520937246
1.66469615082143,0.406497561265021,4.09521805159395
3.95423118068519,0.562606990530633,7.02840748024776
6.30728365293364,0.694198262010057,9.08570936877723
1.99718473239032,0.568228298359992,3.51475760386195
6.20547039703751,0.600187399597625,10.3392213851836
2.25730728943526,0.548151959544278,4.11803196199816
4.32200882651478,0.609903781137275,7.08637814714908
5.99401984153195,0.637624034960934,9.4005550494959
2.47019148021396,0.63536789659519,3.88781286157394
7.41602033129688,0.721589059250537,10.2773458608136
3.20448262982213,0.73048088894979,4.38681241124488
5.12724277537417,0.725305157121359,7.06908357817767
5.21412327863833,0.573314066964662,9.09470668711103
1.58827856353897,0.445683255489602,3.56369359623837
7.57306261608776,0.752478698411296,10.0641554798518
3.09341591226232,0.74781334294809,4.13661502757788
5.44182377214551,0.74351247742649,7.31907525073583
5.69778289673325,0.620434494145021,9.18353661909945
2.21441685305026,0.616201141980202,3.59365911905662
6.39489184422228,0.631434715116416,10.1275582275252
1.79841144941532,0.597921008858424,3.00777430926692
3.24835710602372,0.724872741317909,4.48127915545258
4.78511957780531,0.68320102403651,7.00397014854239
5.46711996095397,0.595569831177192,9.17964556758653
2.18974832429066,0.580772098110942,3.77040896319431
1.90866564577142,0.691909215203544,2.75854924870445
6.63206912101868,0.658289623292897,10.0746979541372
1.60556781879704,0.529974429809851,3.02951940412126
2.28444054904851,0.523811919990407,4.36118473418923
4.43301608620135,0.604480608225374,7.33359519872066
5.53837144275884,0.595569831177192,9.29928138201996
1.21497957745656,0.326766531612528,3.71818855334076
1.37264400847064,0.525009747494986,2.61451147339649
6.47580034532446,0.631434715116416,10.25569261603
2.94798828766456,0.706434102000487,4.17305489544802
1.18334563704616,0.369010243181316,3.20680972659264
2.20941538966191,0.597945054443402,3.69501407068003
4.43150702167467,0.597829498116611,7.41266035823859
6.52248842789417,0.693078435113202,9.41089506965952
7.16665381825108,0.649907482581175,11.0271908084332
1.61542727568499,0.578063104712917,2.79455177560113
2.20757486996604,0.538521513623909,4.09932530849224
7.30801172951855,0.703363203698988,10.3900967396158
2.38363714179,0.66729959905564,3.57206439980381
1.7783919422302,0.555616701178739,3.20075321432445
4.55009396451678,0.618753888380484,7.35364100325271
5.20289127548194,0.577637389207581,9.00719270028453
5.43318875606681,0.654953460352992,8.29553408747326
4.38570337206464,0.550738726253163,7.96331030124187
6.72519102266226,0.694198262010057,9.68770939182333
8.36884802994551,0.756961808903699,11.0558391870074
3.47326321051098,0.721096924964475,4.81663849930034
1.66061109245885,0.38482148342067,4.31527646974828
1.63197378245493,0.44610913338836,3.65823889338354
6.05393940923597,0.586921663523705,10.3147315655209
1.62469561789256,0.572681378893108,2.83699746101892
4.64477580419883,0.649367157086028,7.15277290129949
6.88882927986817,0.736496378565163,9.35351412492881
1.57462226218204,0.498628893536011,3.15790417000437
5.27399858406973,0.687390880855693,7.67248843555277
7.27764959599133,0.732855681870664,9.93053581492967
6.28090564927367,0.744366686482691,8.43791878832251
6.38711451106664,0.743864492741992,8.58639520152765
3.15552562500074,0.704390758251802,4.4797941881468
1.75647774338951,0.446088716067653,3.93750767531883
2.81785454695425,0.584205502487425,4.82339610797299
8.41991626331176,0.743797459982272,11.3201734562423
5.15671222420633,0.71752361380135,7.18681883776161
5.95961097842933,0.656052680769368,9.08404332932586
7.44181428685262,0.721544569314884,10.3137278046715
1.38426603312963,0.521734904688108,2.65319805267224
2.08298287746426,0.602366055846611,3.45800175366235
5.17116357596345,0.685232041025251,7.54658753000853
7.09173615996922,0.739029366934087,9.59601401144554
5.29338255811709,0.627754442702503,8.43225025270854
4.15821654370248,0.685302791306923,6.06770699966427
1.84861181495396,0.505180866832053,3.65930686675932
1.82006653415236,0.443914627706207,4.10003730572474
5.61092032364828,0.639351510877993,8.77595536756151
3.06455540757775,0.628619284156843,4.87505790040818
3.84348794156688,0.53438235491011,7.19239306135661
6.14543179630115,0.674814526137941,9.10684574541144
8.12936580054202,0.759376090515931,10.70532230613
6.61708231520643,0.659851095887272,10.0281447684932
1.28909096699056,0.465559626897507,2.76890626358877
8.40698025062508,0.74592963348007,11.2704736121061
1.40406839872037,0.453070172738602,3.09900868166497
5.19156346552413,0.689387590638419,7.53068888390693
1.74157571460427,0.496274202559795,3.50930132096567
7.23430590596682,0.724378663671995,9.98691191330089
2.75050349068506,0.66729959905564,4.12184196510467
5.53274642144571,0.685685500255326,8.06892725511258
4.66964907610778,0.726397097262976,6.42850734632993
4.64393988696198,0.647312608204236,7.17418420111593
6.76145731926044,0.723943466102386,9.33975874616731
5.53043449226456,0.633465576461217,8.73044202837302
2.403462318353,0.517972764846638,4.64013261211643
6.22558419032493,0.609019162654401,10.2223124855231
8.14698434364337,0.761444919396101,10.6993744867386
2.77656993345409,0.739301378675197,3.75566719276192
1.97285516751788,0.77489425087331,2.54596696942127
1.5266071326512,0.500819733989787,3.04821681144524
2.93123864457457,0.66729959905564,4.39268755551906
4.66782168936284,0.603627227407148,7.73295417672468
6.20324432589975,0.648428192831597,9.56658639225884
5.03298844090515,0.622639269785319,8.08331354146758
8.26408705169719,0.747548346912718,11.0549198400703
4.3683567493439,0.583552708261844,7.48579637708371
5.46159532441115,0.58393805830477,9.35303881419666
4.33108386648607,0.686585693181216,6.30814756191393
1.07024452347973,0.304167649171,3.51860076637555
4.13027986935008,0.741358417324757,5.57123217708173
6.74461848299777,0.665279743234256,10.1380187080533
3.06273697003895,0.643282039531581,4.76111065104374
5.54783882379301,0.640146357150741,8.66651627681857
3.19154969249323,0.758597014201565,4.20717407628132
1.59578164806572,0.526857155654131,3.02886964889837
1.66798987403211,0.576030924335061,2.89566029108168
5.71174382328564,0.746166796369053,7.65478154627055
6.19810268112097,0.649249615783555,9.54656349490589
7.94037119222102,0.725580035456878,10.9434808073532
5.51319908845616,0.660876083461654,8.34225844515079
5.35735428999855,0.757692071500494,7.07062207921632
6.34251087031165,0.671782709548043,9.44131306174689
2.15305447735913,0.549602131082062,3.91747840045702
8.18990049129465,0.732299048773913,11.183819649919
4.26555207473553,0.768615809107739,5.54965435812109
2.20127304223617,0.550216888399347,4.00073696145526
3.70689557618393,0.615331295821826,6.02422727619122
7.78759006929389,0.749172449980817,10.3949231842325
3.3303536203249,0.69868137250246,4.7666271799928
6.19792272677786,0.705806819801626,8.78133017830552
1.66324817464059,0.553564458859022,3.00461517718965
4.72096328448062,0.619129347502862,7.62516476326265
6.22036279063276,0.623065923401793,9.98347455221277
1.43354886234021,0.519356952806342,2.76023812638694
5.90524437241502,0.810759134812534,7.2835989369154
6.89613307529024,0.760664492838493,9.0659326683656
4.85333849580252,0.602006371276592,8.0619387557489
1.70698521573029,0.446474755934558,3.82325135529162
7.5281290020484,0.714198999159301,10.5406602514284
3.08585478256629,0.76883056138428,4.0136994255408
3.41037264421683,0.591086720684789,5.76966547356338
4.02841248477224,0.752500650779476,5.35336744307054
7.20157974224819,0.706651138044365,10.1911386744219
8.36174080133881,0.739909248649344,11.3010356562006
4.04908749050188,0.643129098487612,6.29591710283946
4.30992575264226,0.580436005822503,7.4253245997979
7.40923071557941,0.788343582350519,9.39847914216299
5.30384593253043,0.694161122023659,7.64065541018538
6.4942765393332,0.660502898263378,9.83232103357643
2.81116788254018,0.749817736405444,3.74913495113714
3.44782154518937,0.692807919609818,4.97659083794993
1.16828806747708,0.365966052059307,3.1923400023119
5.86654226605684,0.66729959905564,8.79146679296548
1.91576763725905,0.715481720835051,2.67759130872431
5.73566218826384,0.690023975700838,8.31226506649757
1.8411458969396,0.443877359637724,4.14787070564329
6.86598564431934,0.644884046593625,10.6468529971962
4.1701424828639,0.73509257890484,5.67294869045841
6.13061858988631,0.608185296035578,10.0801821909349
3.50621205862231,0.66729959905564,5.25432963482113
2.25483328244824,0.629718836245629,3.58069848424976
5.26936476716608,0.709968453489726,7.4219702879268
5.72549959181205,0.626951604624013,9.13228317717708
4.89683145286701,0.645033047200135,7.59159778576068
6.15065338042723,0.636493574756261,9.66333930830733
1.74673924038653,0.503981169429486,3.46588195420845
3.03046453874897,0.6461942249695,4.68971157842212
4.80007318913901,0.597451061626892,8.03425334297364
4.23616975342742,0.665875014612473,6.3618091390511
1.82522201945988,0.701977082056753,2.60011625181848
2.72117088775969,0.646072675034278,4.21186500050526
5.24950301807972,0.598985940939144,8.7639836919195
7.61503798342468,0.689715151517654,11.0408448569942
1.92262953839205,0.546935369890634,3.51527738785025
3.93400210583185,0.680748930532848,5.77893248066149
4.95442605825515,0.706049494938355,7.01710870664629
6.17904431757364,0.680162270770589,9.08466197422727
7.47959759237772,0.725890336783952,10.3040324596632
7.84244761759339,0.744903657761182,10.5281368078712
3.33157457546749,0.641657040778846,5.1921421627722
5.20424783868623,0.679165555345521,7.66270874269913
6.26482857357083,0.649359126679547,9.64771005160981
1.88179357223731,0.592779728495478,3.17452416433581
3.31647812443048,0.765537606114766,4.33222104040345
5.34962896320147,0.631434715116416,8.47218063108103
3.35573450017093,0.730063145949281,4.59649897243828
1.56184869838734,0.590637035971557,2.64434602516621
1.76729886973232,0.446325680173378,3.95966207690716
3.78733748413278,0.617952572940166,6.12884815110155
6.49418968246617,0.738911356756387,8.78886164502037
5.45714425331174,0.767626622381017,7.10911280849643
6.77030600627552,0.734546256441684,9.2169906890173
3.40620633917104,0.591086720684789,5.76261692231025
8.18823991320553,0.730063145949281,11.2157968233811
7.82276057591345,0.748009299838541,10.4581060390586
4.25360627256979,0.562099621381872,7.56735302918845
7.06932848143114,0.710719118209849,9.94672621054192
2.4918060609988,0.619830816107413,4.02013903833878
3.31746546354165,0.609019162654401,5.44722673270661
6.86545228763724,0.644884046593625,10.646025938929
1.97705372380877,0.549109263305979,3.6004741786829
1.59426436481014,0.483492068867118,3.29739507112432
6.12539793142496,0.737003347024322,8.31122132098379
3.18005409043131,0.698608112905515,4.55198562926137
1.61809520926877,0.572920014915004,2.82429513220763
4.10304773629501,0.549530822395511,7.46645605501985
5.78895525423588,0.62249819624615,9.29955345918271
3.63147499143919,0.658333378070834,5.51616416910348
4.26538091075476,0.664275828819439,6.42109907617031
5.31951141497474,0.596361693399214,8.91994149499098
2.2592196791094,0.524104601654948,4.31062744340641
5.72342408211399,0.564174853962579,10.1447699093899
5.94271655499292,0.756961808903699,7.85074819507699
7.15150204415599,0.724239066661972,9.87450466752279
1.93734608890777,0.513742563771965,3.7710445377224
3.07373364445664,0.600052941669595,5.12243742344508
1.5714919642874,0.451374875653303,3.48156720511501
4.99870350030636,0.604536052161998,8.26866070671804
6.98224195095297,0.62246849413161,11.2170206472758
7.99453802811031,0.748006521110606,10.687791887483
5.51802014408265,0.74503325689659,7.40640782542751
6.84717815880083,0.738623451539117,9.27018786708291
2.38592662402864,0.491517146655575,4.85420832266621
1.33629141184841,0.519356952806342,2.57297299020986
3.12220701579821,0.555221836745566,5.62335054056778
2.2127498275349,0.5373975849488,4.11752841752298
2.1900056434734,0.550833497287368,3.97580331308516
3.79973084913581,0.617976965773862,6.14866096890455
6.16072725922738,0.712130703979669,8.65111871289749
6.15409959837341,0.604536052161998,10.179871947032
4.80723939581162,0.615634654651058,7.80859127973613
5.68600783950162,0.58730837073386,9.68146909330916
4.57082973932691,0.659230746938809,6.93358093588918
3.63346873262709,0.721096924964475,5.03880769260816
1.83948945561606,0.585666511249007,3.1408479403972
4.22482049676161,0.576300836285207,7.33092897104661
6.86386990855904,0.7240374361219,9.47999311378622
6.15627600818544,0.74435214498998,8.27064991969401
1.28633715673591,0.340433790403735,3.77852373352946
3.05569419268903,0.720454854805913,4.24134027594584
3.8995991856221,0.664552841422904,5.86800468307756
1.63756304333545,0.653850267578431,2.50449242668394
3.1527992879823,0.66729959905564,4.7247132958631
8.08689091463615,0.74351247742649,10.8766041729753
8.1894760212601,0.74351247742649,11.01457779109
4.21698124000425,0.541772505268357,7.78367524929204
5.81914972769181,0.604536052161998,9.62581091215458
7.05326151001337,0.685965664557291,10.2822369608913
6.70526315336515,0.7856692262514,8.53446072383085
3.61516713316672,0.59017859272188,6.12554772021417
3.77768423324496,0.528323173791148,7.1503284744014
5.75665507991102,0.621403901767429,9.26395065035422
6.24716442879509,0.761444919396101,8.20435499622177
1.80016137335264,0.454627479483439,3.95964048499232
1.65187743923415,0.501180601674545,3.29597241735793
3.45635501564694,0.644884046593625,5.35965346623774
2.4675788049151,0.597415711635069,4.13042167599104
4.06199931614972,0.685232041025251,5.9279179503517
3.86192364619422,0.585179388289845,6.59955515090933
1.88855063633652,0.703308535484817,2.68523775988966
3.23131910934347,0.66729959905564,4.84238131405507
4.10157632627224,0.541772505268357,7.57066164559347
6.56028738211538,0.660116664213358,9.93807267376454
7.31385201012904,0.680748930532848,10.7438318036052
6.47715540976313,0.631434715116416,10.2578386248038
5.32257946398892,0.747995587918893,7.11578991902565
6.61995180200482,0.700201784146874,9.45434866332221
2.26902269278248,0.616143880239054,3.68261824154147
8.4586957826103,0.746295571295245,11.3342435731324
5.70118607201617,0.66729959905564,8.5436677619535
2.8121506314791,0.66729959905564,4.21422496800365
5.00521872544802,0.604536052161998,8.27943793847842
2.74483084237839,0.453521651245513,6.05225976497532
1.5187871991245,0.501319944521942,3.02957665203767
3.20941133487212,0.595467012304943,5.38973825342411
4.81451931751171,0.828691576782146,5.80978430625149
1.63241109944482,0.578048673323293,2.8240028474762
3.22520221107694,0.69868137250246,4.61612737652539
2.88509407825151,0.731422709523649,3.94449617257642
5.33504098067134,0.68410850646517,7.79853039430518
6.59999982251478,0.662816488563237,9.95750699687836
4.90931252044362,0.687109127203057,7.14488037792112
6.350325021856,0.694198262010057,9.14771091974298
7.76735949563253,0.77489425087331,10.0237670970957
4.46064976076894,0.675509869094261,6.60338207456522
2.86953087895463,0.687507895533567,4.17381516284642
6.19910234739702,0.589604748335213,10.5139966475857
4.79279922280903,0.566288304093641,8.46353207043545
1.72658897806804,0.545319111292886,3.16619928095772
5.70264069669378,0.661304462129337,8.62332106202916
4.20703595338255,0.658333378070834,6.39043392530204
3.23220120420901,0.541772505268357,5.965974966943
3.13643612543119,0.602190010840643,5.20838285087593
6.67871850508253,0.591086720684789,11.2990501585707
1.77713664490376,0.50317540115521,3.53184325152568
3.98233349048717,0.564934964954222,7.04918926519244
5.27905335323893,0.574710825189364,9.18558189938307
5.40538592227154,0.688179134594747,7.85462047676678
5.63188680456277,0.587448516580889,9.58703043007394
1.56044488502274,0.577230694119364,2.70332971014889
2.99018781912188,0.729076325589815,4.10133714971865
5.99524167022756,0.582120499699983,10.2989701845536
3.12091631724712,0.63052467475295,4.94971321855079
4.42188844129184,0.550738726253163,8.02901308824829
5.23538017792951,0.747995587918893,6.9992126457532
1.0504029256034,0.317572259397989,3.30760289829664
2.11488142882661,0.577637389207581,3.66126131781023
7.43755262323347,0.705014128490162,10.5495086164607
3.55126272837785,0.627106108595276,5.66293754709663
5.0757056804878,0.577511751685683,8.78892189755873
4.27816506687189,0.608673369852761,7.02867133468774
6.4288733501697,0.694198262010057,9.26086062439114
3.72157634589647,0.726760033889902,5.12077738504296
