Area_Axon,Centroid_X,Centroid_Y,Perimeter_Axon,AxonDiameter_MinFeret,AxonDiameter_Circle,AxonDiameter_ShapeAdjustedEllipse
0.56,69.2,-11.8,2.86,0.8,0.844616,0.611728
0.45,46.2,-11.9,2.55,0.7,0.757132,0.555094
0.54,45.3,-12.5,2.84,0.72,0.829396,0.58649
0.35,48.9,-14.1,2.49,0.49,0.667727,0.405835
0.34,47.8,-14.2,2.26,0.53,0.658119,0.462719
0.59,62.8,-14.7,2.91,0.8,0.866944,0.640531
0.61,61.9,-15,3.55,0.68,0.881516,0.478787
0.54,40.5,-15,3.25,0.83,0.829396,0.468058
0.37,39.2,-15.7,2.81,0.41,0.68654,0.36491
0.07,51.8,-15.6,1.07,0.25,0.298617,0.194321
0.12,35.3,-16,1.83,0.37,0.390981,0.17583
0.92,48.5,-16.8,4.04,0.89,1.082578,0.656929
0.42,51.6,-17.8,2.51,0.56,0.731459,0.515006
0.2,49,-17.8,1.69,0.42,0.504754,0.375374
0.39,47.6,-18.3,2.42,0.56,0.704851,0.495741
0.5,47.9,-18.9,2.6,0.68,0.798087,0.638401
0.47,42.2,-19.1,3.14,0.68,0.773774,0.415966
0.14,47.2,-19.3,1.42,0.4,0.422308,0.311054
0.16,46.8,-19.7,1.62,0.38,0.451466,0.292533
0.51,43,-19.9,3.75,0.64,0.806028,0.364495
0.57,40.8,-21.6,3.32,0.65,0.852124,0.484833
0.29,34.6,-21.9,2.11,0.56,0.607805,0.418206
0.4,40.3,-22.3,2.99,0.75,0.713831,0.367935
0.64,33.6,-23.5,3.09,0.74,0.902932,0.63923
0.35,32.4,-23.5,2.21,0.54,0.667727,0.510853
0.46,38.1,-23.7,2.56,0.61,0.765498,0.570606
0.28,44.6,-25.7,2.38,0.51,0.597234,0.329288
0.26,46.5,-26.4,2.89,0.44,0.575509,0.238161
0.53,43.6,-26.5,3.5,0.66,0.821681,0.414354
0.35,44.8,-26.7,2.55,0.54,0.667727,0.391336
0.61,41.2,-26.8,2.93,0.85,0.881516,0.666986
0.66,39.5,-29.5,3,0.86,0.916932,0.724036
0.09,38.6,-29.3,1.12,0.31,0.3386,0.259796
0.2,38.6,-29.8,1.82,0.42,0.504754,0.324262
0.64,40.4,-30.1,3.14,0.7,0.902932,0.618929
0.67,39.3,-30.6,3.45,0.64,0.923852,0.560073
0.35,40.8,-30.9,2.4,0.47,0.667727,0.43109
0.8,40.3,-32,3.5,0.82,1.009509,0.696046
0.61,26.2,-33.3,3.06,0.84,0.881516,0.606383
0.55,26.4,-34.5,2.78,0.78,0.837041,0.634604
0.84,26.8,-35.3,3.59,0.89,1.034439,0.711837
0.54,25.7,-35.3,2.83,0.64,0.829396,0.590854
0.61,32.4,-36.9,3.33,0.62,0.881516,0.525022
0.44,28,-37.2,2.54,0.63,0.748672,0.539997
0.21,28.8,-37.2,1.71,0.52,0.517219,0.396952
0.35,29.1,-37.9,2.18,0.64,0.667727,0.530704
0.2,27.6,-37.9,1.7,0.47,0.504754,0.370247
0.16,32.8,-39,1.54,0.39,0.451466,0.322094
0.24,33.2,-39.5,2.05,0.42,0.552931,0.339256
0.38,33,-40.7,2.31,0.63,0.695756,0.528001
0.18,47.9,-41.2,1.56,0.42,0.478852,0.383226
0.37,48.4,-41.6,2.29,0.58,0.68654,0.515025
0.48,28.4,-42.9,2.69,0.66,0.781962,0.54773
0.28,19,-43.8,2.33,0.5,0.597234,0.339317
0.4,16.6,-44.8,2.46,0.64,0.713831,0.498247
0.44,19.1,-47.8,2.62,0.58,0.748672,0.507116
0.25,28.4,-49.9,2.01,0.46,0.564333,0.370272
0.79,33.1,-9.2,3.22,0.91,1.00318,0.844689
0.68,34,-9.3,3.05,0.79,0.930721,0.731508
0.22,34.4,-8.5,1.8,0.47,0.529391,0.380179
0.27,35.1,-9.1,1.95,0.49,0.586472,0.443512
0.52,32,-9.8,2.7,0.63,0.813892,0.61888
0.88,36.2,-9.5,3.85,0.86,1.058782,0.669972
0.15,35.8,-10.1,1.51,0.33,0.43713,0.303924
0.2,36.2,-10.5,1.69,0.43,0.504754,0.375374
0.26,36.7,-11.1,2.14,0.39,0.575509,0.351441
0.4,36.1,-11.2,2.76,0.48,0.713831,0.410754
0.4,35,-11.6,2.37,0.58,0.713831,0.541711
0.61,32.6,-12.5,3.24,0.67,0.881516,0.548111
0.56,34,-12.4,3.11,0.56,0.844616,0.523649
0.79,36.7,-12.2,3.47,0.93,1.00318,0.694859
0.08,37.6,-11.4,1.11,0.25,0.319235,0.219378
0.2,37.8,-11.8,1.95,0.39,0.504754,0.290981
0.19,38.5,-12.2,1.93,0.27,0.491974,0.277444
0.36,38.1,-12.5,2.84,0.37,0.677199,0.348564
0.25,37.6,-12.7,2.01,0.4,0.564333,0.370272
1.22,35,-14.8,4.21,1.03,1.246652,0.908193
0.38,33.6,-16,2.32,0.57,0.695756,0.52234
0.32,34.5,-16.2,2.16,0.52,0.63847,0.463467
0.22,34.9,-16.4,1.97,0.36,0.529391,0.322949
0.4,36.2,-16.4,2.36,0.68,0.713831,0.547666
0.44,37.1,-15.8,2.56,0.67,0.748672,0.531002
0.31,38.9,-14.9,2.25,0.49,0.628414,0.408466
0.45,39.6,-15.3,2.54,0.62,0.757132,0.560173
0.24,37.8,-14.7,1.92,0.46,0.552931,0.380314
0.15,38.1,-15.2,1.47,0.37,0.43713,0.321863
0.23,37.7,-15.8,1.77,0.49,0.541289,0.428284
0.25,38.3,-15.9,2.01,0.46,0.564333,0.370272
0.25,38.2,-16.3,1.93,0.42,0.564333,0.400249
0.18,37.6,-16.3,1.55,0.46,0.478852,0.39124
0.11,37.1,-16.4,1.24,0.31,0.374336,0.286047
0.1,37.5,-16.7,1.22,0.33,0.356915,0.253711
0.21,36.9,-16.8,1.98,0.3,0.517219,0.302195
0.41,33.9,-16.8,2.47,0.58,0.722698,0.513114
0.18,34.4,-16.9,1.77,0.31,0.478852,0.295318
0.13,34,-17.3,1.51,0.29,0.406946,0.249571
0.28,37,-14.3,2.05,0.45,0.597234,0.420349
0.35,37.2,-15,2.23,0.53,0.667727,0.499421
0.16,37.8,-13.3,1.45,0.38,0.451466,0.379434
0.7,37.8,-13.8,3.94,0.58,0.944309,0.489136
0.2,35.1,-13.4,1.85,0.34,0.504754,0.315539
0.3,38.4,-13.3,2.12,0.48,0.618195,0.435908
0.47,39.4,-13.9,3.06,0.53,0.773774,0.431058
0.09,40.2,-14,1.1,0.29,0.3386,0.273572
0.1,40,-13.6,1.17,0.3,0.356915,0.280608
0.04,40,-14.3,0.84,0.15,0.225733,0.138384
0.23,39.2,-14.2,2.06,0.32,0.541289,0.319
0.2,39.3,-13,1.76,0.36,0.504754,0.344465
0.54,40.4,-15.8,3.1,0.67,0.829396,0.502163
0.44,40.1,-16.3,2.66,0.6,0.748672,0.493194
0.22,39.2,-16.2,1.79,0.47,0.529391,0.384855
0.66,39.2,-16.9,3.12,0.81,0.916932,0.657062
0.12,39.9,-16.7,1.59,0.27,0.390981,0.209916
0.23,38.5,-17.4,2.04,0.35,0.541289,0.323753
0.16,38.2,-17.6,1.61,0.43,0.451466,0.295715
0.4,37.5,-17.5,2.43,0.54,0.713831,0.511127
0.37,37.8,-18.2,2.3,0.53,0.68654,0.509648
0.61,36.5,-18.4,3.04,0.65,0.881516,0.614317
0.36,36.6,-18.9,2.54,0.45,0.677199,0.407887
0.15,37.5,-18.8,1.72,0.4,0.43713,0.245543
0.39,41.2,-18.5,2.41,0.52,0.704851,0.50002
0.53,42.1,-18.3,2.66,0.7,0.821681,0.670785
0.3,34.2,-17.9,2.24,0.55,0.618195,0.393699
0.35,34.9,-18.5,2.28,0.58,0.667727,0.475053
0.34,34.1,-18.4,2.3,0.49,0.658119,0.446985
0.2,33.3,-17.7,1.76,0.4,0.504754,0.344465
0.24,34.1,-18.9,1.91,0.43,0.552931,0.38425
0.23,33.9,-19.4,1.79,0.47,0.541289,0.41514
0.44,34.8,-19.2,2.61,0.54,0.748672,0.510822
0.1,35.4,-18.9,1.27,0.35,0.356915,0.234896
0.22,33.6,-20.1,1.75,0.48,0.529391,0.406427
0.24,34.2,-20.1,1.82,0.53,0.552931,0.42939
0.43,35.5,-20,2.5,0.6,0.740115,0.539038
0.61,36.7,-19.8,2.91,0.8,0.881516,0.678931
0.78,36.3,-20.8,3.41,0.91,0.99681,0.7062
0.29,35.3,-20.9,1.99,0.49,0.607805,0.479092
0.57,33.9,-20.7,2.84,0.69,0.852124,0.640418
0.28,34.6,-21,2.19,0.48,0.597234,0.372933
0.68,33.5,-21.6,3.14,0.84,0.930721,0.679624
0.56,32.9,-22.5,3.05,0.68,0.844616,0.540815
0.19,33.5,-22.2,1.72,0.34,0.491974,0.334066
0.4,34.7,-22.5,2.72,0.5,0.713831,0.419714
0.52,34.2,-22.9,2.88,0.61,0.813892,0.540054
0.86,36.7,-22.2,3.68,0.94,1.046681,0.702647
0.57,37.1,-20.6,2.93,0.68,0.852124,0.5974
0.53,38.5,-20.5,2.9,0.62,0.821681,0.547811
0.47,39.7,-20.8,2.57,0.62,0.773774,0.586597
0.65,35.7,-21.9,2.97,0.84,0.909959,0.723709
0.48,35.7,-22.9,2.56,0.69,0.781962,0.616391
0.63,36.6,-23.6,3.33,0.66,0.89585,0.547067
0.55,35.4,-23.8,3.34,0.67,0.837041,0.460462
0.72,34.8,-24.2,3.1,0.86,0.957704,0.782074
0.68,40.9,-29.1,3.72,0.65,0.930721,0.510769
0.36,46,-29.3,2.7,0.48,0.677199,0.373045
0.25,47.3,-30.8,1.81,0.51,0.564333,0.47677
0.1,47.2,-30.4,1.23,0.33,0.356915,0.249496
0.09,46.9,-30.8,1.3,0.22,0.3386,0.197286
0.09,47.6,-31.4,1.16,0.29,0.3386,0.239618
0.57,47,-31.6,2.87,0.8,0.852124,0.62465
0.2,46.4,-31.8,1.78,0.44,0.504754,0.337249
0.21,46.3,-32.2,2.04,0.36,0.517219,0.28941
0.19,47.7,-31.8,1.64,0.41,0.491974,0.369783
0.18,47,-32.2,1.64,0.36,0.478852,0.338715
0.33,50.6,-31.5,2.3,0.49,0.648369,0.428399
0.27,51.1,-31.9,2.02,0.43,0.586472,0.409899
0.45,48.2,-32.7,2.73,0.53,0.757132,0.486084
0.33,48.1,-33.8,2.13,0.54,0.648369,0.506134
0.21,48.7,-35.7,1.78,0.43,0.517219,0.362179
0.68,49.2,-38.8,3.79,0.63,0.930721,0.497913
0.87,50,-39.7,3.85,0.74,1.052749,0.659886
0.49,49.3,-40.5,2.95,0.56,0.790066,0.47913
0.46,50.2,-40.6,2.48,0.69,0.765498,0.623357
0.44,51.5,-41.5,2.48,0.73,0.748672,0.571471
0.31,52.4,-41.5,2.14,0.53,0.628414,0.44968
0.28,52,-41.9,2.05,0.54,0.597234,0.420349
0.22,51.5,-42.4,1.84,0.45,0.529391,0.363482
0.41,40,-39.9,2.65,0.47,0.722698,0.451176
0.16,40.4,-40.1,1.49,0.44,0.451466,0.348181
0.3,40.9,-40.7,2.1,0.55,0.618195,0.444744
0.58,40.3,-41,2.87,0.82,0.859566,0.64315
0.79,41.1,-41.5,3.42,0.98,1.00318,0.715895
0.62,41.7,-41.1,3.06,0.81,0.888712,0.621299
0.56,39.5,-41.9,3.03,0.67,0.844616,0.546959
0.39,39.5,-42.6,2.41,0.51,0.704851,0.50002
0.15,40.2,-42.4,1.54,0.34,0.43713,0.292703
0.43,40.6,-43.1,2.66,0.53,0.740115,0.477823
0.16,40,-43.2,1.5,0.37,0.451466,0.342194
0.21,39.4,-43.4,1.81,0.4,0.517219,0.350534
0.19,40,-43.8,1.65,0.41,0.491974,0.364424
0.51,39.3,-44,2.62,0.72,0.806028,0.649283
0.41,39.9,-44.5,2.54,0.49,0.722698,0.485613
0.41,40.8,-44,2.67,0.59,0.722698,0.445729
0.23,40.9,-44.5,1.79,0.46,0.541289,0.41514
0.12,42.1,-41.9,1.34,0.3,0.390981,0.276305
0.18,41.7,-42,1.57,0.44,0.478852,0.376041
0.37,41.1,-42.3,2.36,0.6,0.68654,0.481674
1.09,42.1,-42.8,3.98,0.9,1.178361,0.858158
0.35,43.1,-43.5,2.58,0.47,0.667727,0.384639
0.24,42.1,-43.9,2.08,0.47,0.552931,0.331647
0.34,41.9,-44.4,2.26,0.57,0.658119,0.462719
1.24,43,-44.3,4.1,1.14,1.256828,1.001058
0.31,44.1,-43.1,2.06,0.53,0.628414,0.493574
0.18,44.7,-43.3,1.71,0.39,0.478852,0.31285
0.29,44.1,-43.7,2.11,0.46,0.607805,0.418206
0.25,44.5,-44,1.86,0.46,0.564333,0.436649
0.2,44.1,-44.3,1.69,0.48,0.504754,0.375374
0.27,45.1,-43.6,2.02,0.47,0.586472,0.409899
0.55,45.1,-44.8,3.15,0.66,0.837041,0.501462
0.13,43.5,-44.7,1.64,0.23,0.406946,0.221176
0.63,42.1,-45.2,3.44,0.54,0.89585,0.52061
0.33,40.3,-45.3,2.31,0.47,0.648369,0.425095
0.22,40.9,-45.6,1.81,0.39,0.529391,0.375724
0.28,37.7,-45.7,1.98,0.49,0.597234,0.454995
0.43,38.5,-46,2.83,0.56,0.740115,0.432892
1.08,46.8,-45.7,4.16,0.88,1.172943,0.77493
1.04,46.4,-46.7,3.93,0.85,1.151017,0.818689
0.44,53.1,-47.3,2.72,0.51,0.748672,0.474554
0.27,42.2,-48.9,2.09,0.44,0.586472,0.384399
0.33,41.6,-49.4,2.25,0.57,0.648369,0.446395
0.2,43.8,-49.7,1.96,0.34,0.504754,0.288825
0.2,44.2,-50.1,1.69,0.47,0.504754,0.375374
0.18,44.7,-50.3,1.61,0.46,0.478852,0.352668
0.18,45.2,-50.4,1.55,0.43,0.478852,0.39124
0.44,43.9,-50.6,2.78,0.67,0.748672,0.458024
0.38,42.8,-51.3,2.52,0.51,0.695756,0.443329
0.3,42,-51.3,2.11,0.54,0.618195,0.440238
0.38,41.4,-51.8,2.35,0.58,0.695756,0.506836
0.31,40.4,-52,2.09,0.59,0.628414,0.474884
0.08,40.9,-52.1,1.08,0.31,0.319235,0.232131
0.2,41.8,-52.3,1.73,0.46,0.504754,0.356447
0.41,42.3,-52,2.6,0.59,0.722698,0.465789
0.36,39.9,-52.5,2.17,0.66,0.677199,0.574194
0.35,39.6,-53.1,2.31,0.51,0.667727,0.462524
0.48,39.5,-54.1,2.72,0.74,0.781962,0.535807
0.94,44.4,-54.4,3.7,0.95,1.094282,0.795025
0.32,48.5,-48.5,2.07,0.61,0.63847,0.5187
0.1,49.1,-48.4,1.19,0.27,0.356915,0.26836
0.46,49.5,-48.8,2.57,0.63,0.765498,0.565361
0.54,48.3,-49.3,2.81,0.75,0.829396,0.599987
0.57,49.1,-49.7,2.82,0.76,0.852124,0.651996
0.63,48.1,-50.3,3.19,0.66,0.89585,0.587727
0.62,50.1,-49.6,3.01,0.77,0.888712,0.643321
0.47,50.2,-48.4,3.14,0.44,0.773774,0.415998
0.33,47,-52.6,2.31,0.46,0.648369,0.425095
0.48,47.4,-53.3,2.52,0.76,0.781962,0.648569
0.54,48,-52.9,2.86,0.66,0.829396,0.578126
0.48,48,-53.7,2.68,0.72,0.781962,0.551935
0.73,48.9,-53.9,3.26,0.91,0.964332,0.700947
0.32,49.8,-53.2,2.38,0.57,0.63847,0.388307
0.49,50.4,-53.7,2.74,0.63,0.790066,0.544512
0.4,49.9,-54.1,2.53,0.63,0.713831,0.472341
0.15,49.2,-54.8,1.76,0.3,0.43713,0.237805
0.2,43.8,-55.2,1.68,0.46,0.504754,0.380828
0.49,34.4,-54.5,2.73,0.63,0.790066,0.548463
1.06,37.8,-56.3,4.24,0.9,1.162032,0.731087
0.75,35.6,-56.3,3.59,0.79,0.977453,0.608437
0.7,39,-57,3.38,0.71,0.944309,0.613878
0.58,40.2,-57.5,2.98,0.81,0.859566,0.592775
0.3,41.1,-57.7,2.31,0.45,0.618195,0.374577
0.46,34.7,-56.9,2.66,0.57,0.765498,0.525581
0.44,33.8,-57,2.68,0.54,0.748672,0.48671
0.41,34.8,-57.5,2.64,0.55,0.722698,0.45398
0.71,33.8,-57.6,3.37,0.69,0.95103,0.629379
0.54,34.8,-58.1,2.96,0.67,0.829396,0.542006
0.59,39.9,-58.4,2.95,0.72,0.866944,0.621221
0.29,39.4,-58.3,2.52,0.42,0.607805,0.3176
0.42,46.6,-58.9,2.41,0.65,0.731459,0.566354
0.27,46.5,-59.6,2.04,0.57,0.586472,0.40199
0.21,46.2,-60,1.77,0.4,0.517219,0.366401
0.1,45.8,-60.4,1.22,0.29,0.356915,0.253711
0.49,46.4,-60.6,2.8,0.6,0.790066,0.522799
0.46,38.7,-59.3,2.83,0.53,0.765498,0.471595
0.42,38.4,-60.2,2.38,0.66,0.731459,0.587384
0.28,39.5,-59.6,2.21,0.47,0.597234,0.367508
0.26,39.4,-60.1,1.88,0.49,0.575509,0.45669
0.33,39.5,-60.8,2.31,0.47,0.648369,0.425095
0.3,40.6,-61.5,2.28,0.43,0.618195,0.382408
0.43,41.6,-61.9,2.55,0.57,0.740115,0.516813
0.89,43,-10.6,3.99,0.72,1.064781,0.642
0.33,45,-10.9,2.32,0.53,0.648369,0.421876
0.18,46.8,-11.6,1.59,0.44,0.478852,0.363482
0.49,47.9,-11,2.87,0.64,0.790066,0.500878
0.45,46.4,-13.2,2.65,0.59,0.757132,0.512696
0.42,45.3,-13.1,2.67,0.49,0.731459,0.460045
0.25,44.6,-13.4,2.2,0.37,0.564333,0.321004
0.68,42.8,-13.2,4.51,0.44,0.930721,0.401225
0.43,45.8,-13.6,2.6,0.57,0.740115,0.497736
0.27,46.9,-13.8,1.91,0.49,0.586472,0.469693
0.28,50.2,-14.1,2.24,0.46,0.597234,0.35981
0.46,51.4,-13.7,2.69,0.62,0.765498,0.514493
0.89,52.7,-13.9,3.93,0.78,1.064781,0.657526
0.47,51.1,-14.3,2.64,0.61,0.773774,0.551351
0.41,53.4,-13.6,2.54,0.51,0.722698,0.485613
0.64,54.2,-13.4,3.18,0.62,0.902932,0.604294
0.18,53.9,-14.2,1.62,0.34,0.478852,0.347756
0.61,52,-14.6,2.95,0.76,0.881516,0.655953
0.26,54.6,-14.6,2.02,0.45,0.575509,0.387784
0.09,53.8,-14.9,1.42,0.2,0.3386,0.174662
0.29,54.2,-15.1,2.09,0.45,0.607805,0.426224
0.88,50.8,-11.5,3.49,1.04,1.058782,0.818655
1.01,53,-14.9,3.7,1.01,1.134295,0.903685
0.78,49.8,-14.7,3.53,0.74,0.99681,0.660408
0.71,47.9,-15.7,3.39,0.63,0.95103,0.622758
0.58,53.4,-15.7,3.21,0.63,0.859566,0.521112
0.68,54.3,-15.9,3.41,0.71,0.930721,0.581685
0.38,52.8,-16.8,2.39,0.5,0.695756,0.488835
0.21,53.7,-16.6,1.79,0.43,0.517219,0.358138
0.68,54.9,-17,3.06,0.87,0.930721,0.724771
0.32,53.6,-17.2,2.28,0.47,0.63847,0.416907
0.4,52.7,-17.7,2.56,0.51,0.713831,0.462596
0.37,55.4,-18.1,2.49,0.53,0.68654,0.436465
0.42,55.7,-19.3,2.95,0.6,0.731459,0.396568
0.61,50.1,-17.8,3.32,0.58,0.881516,0.527442
0.56,48.8,-18.3,3.19,0.57,0.844616,0.503209
0.55,46.8,-18.8,3.12,0.6,0.837041,0.508966
0.34,47.7,-19.7,2.31,0.5,0.658119,0.443348
0.17,46.5,-19.2,1.67,0.36,0.465361,0.301466
0.23,48.3,-17.8,1.92,0.36,0.541289,0.357801
0.86,55.9,-17.6,3.41,0.88,1.046681,0.837059
0.35,56.4,-18.7,2.33,0.46,0.667727,0.45483
0.8,57.2,-17.9,3.28,0.89,1.009509,0.814236
0.51,51.2,-20.1,2.68,0.69,0.806028,0.609383
0.52,51.9,-20.6,2.78,0.78,0.813892,0.578537
0.51,52.9,-20.7,2.94,0.58,0.806028,0.507521
0.39,50.4,-21.5,2.59,0.42,0.704851,0.438544
0.55,53.4,-21.4,3.26,0.64,0.837041,0.476519
0.54,51.3,-22.1,3.05,0.57,0.829396,0.515301
0.5,51.7,-21.3,3.08,0.56,0.798087,0.460437
0.69,52.7,-21.9,3.82,0.55,0.93754,0.501202
0.67,49.9,-20.6,3.06,0.87,0.923852,0.705274
0.41,50.9,-20.9,2.35,0.62,0.722698,0.581517
0.66,47.1,-20.5,3.59,0.59,0.916932,0.518032
0.22,58.9,-18.5,1.78,0.47,0.529391,0.38978
0.29,58.5,-18.8,2.26,0.58,0.607805,0.371151
0.33,57.6,-18.6,2.4,0.43,0.648369,0.398716
0.17,57.9,-21,1.55,0.42,0.465361,0.350531
0.17,58.2,-21.5,1.58,0.43,0.465361,0.33533
0.11,57.8,-20.4,1.24,0.32,0.374336,0.286047
0.63,56.3,-21.1,3.5,0.61,0.89585,0.507676
0.31,58.2,-19.5,2.2,0.46,0.628414,0.425436
0.39,57.2,-22,2.33,0.58,0.704851,0.540974
0.34,55.4,-23.3,2.42,0.43,0.658119,0.409034
0.57,57.9,-22.5,3.41,0.64,0.852124,0.466883
0.82,53.6,-24.4,3.49,0.91,1.02205,0.726843
0.09,55.3,-23.7,1.11,0.28,0.3386,0.266223
0.12,55.3,-24.1,1.32,0.31,0.390981,0.285397
0.2,55,-24.8,1.88,0.33,0.504754,0.307521
0.36,54.6,-25.4,2.33,0.54,0.677199,0.474251
0.81,55.7,-25.6,3.73,0.79,1.015799,0.632522
0.54,56.8,-23.4,2.95,0.65,0.829396,0.545267
0.29,56.2,-23.8,2.14,0.46,0.607805,0.407155
0.13,56.8,-24.1,1.42,0.34,0.406946,0.277482
0.24,56,-24.2,1.8,0.47,0.552931,0.443443
0.89,54,-26.1,3.9,0.79,1.064781,0.665741
0.76,56.8,-24.7,3.22,0.91,0.983948,0.776409
0.42,56.2,-25.1,2.5,0.61,0.731459,0.519301
0.42,57.1,-25.8,2.38,0.64,0.731459,0.587384
0.79,59,-26.9,3.33,0.8,1.00318,0.761529
0.4,56.9,-26.5,2.73,0.47,0.713831,0.417421
0.68,55.7,-26.5,3.58,0.57,0.930721,0.539501
0.27,55,-26.7,2.03,0.48,0.586472,0.405872
0.18,55.5,-27,1.59,0.46,0.478852,0.363482
0.21,54.3,-27,1.96,0.35,0.517219,0.306818
0.23,53.5,-26.7,1.88,0.41,0.541289,0.372156
0.56,52.7,-26.7,3.19,0.67,0.844616,0.503209
0.62,52.8,-27.3,3.12,0.73,0.888712,0.598297
0.17,57,-27.1,1.74,0.28,0.465361,0.28187
1.04,58,-27.6,4.07,0.92,1.151017,0.764592
0.17,56.9,-27.7,1.63,0.44,0.465361,0.314923
0.25,56.2,-27.4,2.05,0.37,0.564333,0.357933
0.15,56.2,-27.7,1.65,0.31,0.43713,0.260985
0.79,54.5,-27.6,3.59,0.77,1.00318,0.652352
0.52,55.6,-28.3,2.81,0.77,0.813892,0.565925
0.52,55.8,-29.1,2.73,0.68,0.813892,0.602353
0.68,56.5,-28.6,3.01,0.87,0.930721,0.762335
0.66,56.5,-29.7,3.22,0.87,0.916932,0.61695
0.37,53.6,-27.8,2.33,0.57,0.68654,0.494855
0.17,53,-27.9,1.74,0.34,0.465361,0.28187
0.21,53.1,-28.4,1.81,0.46,0.517219,0.350534
0.21,53.3,-28.9,1.82,0.39,0.517219,0.346945
0.54,54.4,-28.5,2.92,0.64,0.829396,0.555471
0.25,54.9,-29,1.83,0.56,0.564333,0.458224
0.3,55,-29.5,2.47,0.39,0.618195,0.339587
0.17,53.6,-29.8,1.64,0.4,0.465361,0.311363
0.29,54.2,-29.4,1.99,0.55,0.607805,0.479092
0.53,56.6,-30.7,2.89,0.57,0.821681,0.551308
0.31,54.6,-31.9,2.51,0.43,0.628414,0.345349
0.63,57.9,-30.8,3.31,0.59,0.89585,0.55233
0.51,60.1,-31,3.8,0.57,0.806028,0.358799
0.37,61.1,-31,2.85,0.37,0.68654,0.358115
0.6,59.6,-31.5,2.91,0.82,0.87426,0.65916
0.48,60.9,-31.6,2.81,0.53,0.781962,0.504936
0.92,60.6,-32.5,3.78,0.82,1.082578,0.736243
0.23,61.5,-32.2,1.74,0.52,0.541289,0.453309
0.47,62.1,-32.8,2.59,0.65,0.773774,0.575532
0.45,62.8,-32.7,2.91,0.58,0.757132,0.43947
0.28,63.8,-30.1,2.11,0.44,0.597234,0.397576
0.44,63.7,-28.5,2.48,0.68,0.748672,0.571471
1,65.8,-29.2,4.24,0.7,1.128665,0.677867
0.47,65.7,-30.2,2.56,0.7,0.773774,0.592512
0.16,67.1,-29.2,1.52,0.37,0.451466,0.331495
0.23,67.7,-29.1,1.84,0.42,0.541289,0.388916
0.37,68.3,-29.5,2.48,0.58,0.68654,0.439441
0.57,64.9,-30.8,3.03,0.65,0.852124,0.560472
0.28,67.1,-31,2.09,0.46,0.597234,0.404663
0.36,68,-31.2,2.49,0.48,0.677199,0.42092
0.49,65.7,-31.5,2.78,0.68,0.790066,0.529691
0.15,66.4,-31.9,1.54,0.35,0.43713,0.292703
0.19,65.9,-32,1.82,0.38,0.491974,0.302991
0.26,68,-31.7,1.98,0.44,0.575509,0.403171
0.5,55.2,-32.9,3,0.61,0.798087,0.478982
0.31,55.8,-33.2,2.36,0.41,0.628414,0.377807
0.5,59.4,-35,2.78,0.6,0.798087,0.545361
0.36,58.7,-35.5,2.36,0.5,0.677199,0.462418
0.36,59.9,-35.4,2.62,0.45,0.677199,0.389348
0.36,59.3,-35.8,2.61,0.48,0.677199,0.391531
0.45,60.4,-35.8,2.93,0.53,0.757132,0.435081
0.29,59.8,-36.2,2.21,0.43,0.607805,0.38485
0.63,61,-36.4,3.35,0.56,0.89585,0.541955
0.4,59.9,-36.7,2.81,0.42,0.713831,0.400312
0.5,54,-37.4,2.63,0.68,0.798087,0.617603
0.6,54.1,-38.1,2.97,0.77,0.87426,0.628695
0.36,58.5,-37.6,2.27,0.61,0.677199,0.502043
0.6,57.7,-37.8,3.16,0.7,0.87426,0.558895
0.56,58.6,-38.4,2.97,0.74,0.844616,0.566919
0.31,57.9,-38.7,2.26,0.54,0.628414,0.40534
0.22,58.5,-38.9,1.71,0.48,0.529391,0.435602
0.12,59,-38.9,1.28,0.35,0.390981,0.308472
0.15,63,-37.5,1.56,0.4,0.43713,0.285988
0.18,63,-38.1,1.76,0.34,0.478852,0.298022
0.51,65.6,-40.5,2.69,0.75,0.806028,0.603795
0.72,63.9,-41.3,3.61,0.61,0.957704,0.572249
0.41,62.7,-41.3,2.7,0.47,0.722698,0.437928
0.42,62.2,-41.8,2.75,0.46,0.731459,0.438924
0.38,62.5,-42.2,2.54,0.47,0.695756,0.437524
0.44,60.8,-41.5,2.92,0.46,0.748672,0.425386
0.37,63.9,-41.9,2.41,0.47,0.68654,0.462384
0.3,63.3,-42.5,2.29,0.47,0.618195,0.379742
0.24,64.1,-42.5,1.8,0.54,0.552931,0.443443
0.57,63.7,-43,2.77,0.76,0.852124,0.686265
0.38,71.7,-39.7,2.36,0.59,0.695756,0.502084
0.23,70.2,-40.6,2.16,0.33,0.541289,0.297957
0.44,71.5,-40.5,2.97,0.57,0.748672,0.415263
0.37,71.4,-41.2,2.61,0.44,0.68654,0.405086
0.3,70.3,-41,2.25,0.4,0.618195,0.390776
0.08,70.2,-41.3,1.08,0.26,0.319235,0.232131
0.27,70.6,-41.6,2.22,0.44,0.586472,0.348385
0.83,72.9,-41.3,3.46,0.85,1.028263,0.75532
0.47,63.4,-45.1,2.86,0.72,0.773774,0.476847
0.38,62.4,-44.7,2.32,0.62,0.695756,0.52234
0.14,61.7,-44.9,1.43,0.33,0.422308,0.306166
0.75,62.1,-45.5,3.45,0.65,0.977453,0.651507
0.82,60.9,-46.1,3.88,0.7,1.02205,0.604115
0.47,65.6,-47,2.63,0.64,0.773774,0.555854
0.38,65,-47.4,2.68,0.51,0.695756,0.40258
0.21,65.9,-47.5,1.89,0.39,0.517219,0.324908
0.14,66.1,-48,1.6,0.43,0.422308,0.250742
0.32,65.6,-48.1,2.11,0.58,0.63847,0.490415
0.31,64.2,-47.9,2.12,0.49,0.628414,0.45907
0.36,63.8,-48.5,2.25,0.55,0.677199,0.512999
0.33,63,-48.8,2.29,0.56,0.648369,0.431793
0.45,64.6,-48.4,2.58,0.7,0.757132,0.540936
0.43,64.8,-48.9,2.63,0.53,0.740115,0.48743
0.41,63.7,-49.2,2.85,0.61,0.722698,0.404233
0.39,64.3,-49.5,2.53,0.56,0.704851,0.456094
0.6,60.3,-47.2,2.92,0.75,0.87426,0.653629
0.58,59.4,-47.6,2.88,0.69,0.859566,0.637804
0.72,59.4,-50.8,3.67,0.88,0.957704,0.558215
0.3,56.4,-51.3,2.06,0.49,0.618195,0.464928
0.16,55.7,-51.4,1.55,0.34,0.451466,0.317776
0.52,56,-52,2.88,0.78,0.813892,0.540054
0.17,56.7,-51.9,1.58,0.37,0.465361,0.33533
0.28,57.6,-51.5,2.06,0.47,0.597234,0.416213
0.13,57,-51.6,1.41,0.29,0.406946,0.281305
0.2,58.3,-51.3,1.69,0.43,0.504754,0.375374
0.25,59,-51.3,2.08,0.47,0.564333,0.349508
0.24,59.6,-51.5,1.88,0.46,0.552931,0.397073
0.24,58.9,-51.8,1.81,0.48,0.552931,0.43612
0.85,64.1,-51.5,3.65,0.88,1.040578,0.701604
0.72,70.6,-51.1,3.65,0.66,0.957704,0.56278
0.4,69,-51.8,2.51,0.59,0.713831,0.479246
0.38,69.9,-51.9,2.4,0.54,0.695756,0.484712
0.24,70.7,-51.7,1.89,0.43,0.552931,0.392613
0.79,70.8,-52.3,3.4,0.81,1.00318,0.725049
0.47,69.9,-52.6,2.51,0.74,0.773774,0.627453
0.62,59.7,-55.7,3.39,0.6,0.888712,0.521588
0.59,58.6,-56,2.89,0.77,0.866944,0.651215
0.29,57,-56.2,2.2,0.48,0.607805,0.387789
0.4,57.9,-56.3,2.4,0.61,0.713831,0.525465
0.43,57.8,-56.8,2.65,0.62,0.740115,0.480954
0.2,58.6,-56.7,1.75,0.41,0.504754,0.34829
0.27,59.1,-56.7,2.36,0.38,0.586472,0.319043
1.15,58.5,-57.8,4.24,0.93,1.210359,0.818025
0.81,65.3,-54.9,3.61,0.82,1.015799,0.668711
1.21,66.4,-54.7,4.35,1.13,1.241532,0.838797
1.32,69,-54.5,4.44,1.15,1.296738,0.916877
0.16,67.8,-54.9,1.52,0.4,0.451466,0.331495
0.6,66.9,-55.4,3.21,0.59,0.87426,0.54452
0.36,67.7,-55.6,2.6,0.41,0.677199,0.39375
0.58,68.7,-55.6,3.04,0.69,0.859566,0.570888
0.5,68.3,-56.1,2.88,0.6,0.798087,0.511645
0.07,69.2,-56.1,1.03,0.29,0.298617,0.208551
0.06,69.1,-56.4,0.98,0.19,0.276465,0.183456
1.51,70.7,-55.8,4.78,1.15,1.386927,0.96755
0.41,63.9,-57.2,2.6,0.51,0.722698,0.465789
0.7,64.1,-58.2,3.32,0.8,0.944309,0.633985
0.9,60.6,-59,3.8,0.76,1.070746,0.706618
0.85,60.3,-60.1,3.69,0.82,1.040578,0.687702
0.36,59.7,-60.6,2.19,0.61,0.677199,0.554853
0.67,61.6,-60.6,3.35,0.69,0.923852,0.587378
0.37,60.9,-60.8,2.55,0.53,0.68654,0.419871
0.47,62.6,-60.8,2.81,0.55,0.773774,0.490798
0.71,63.5,-62.4,3.23,0.9,0.95103,0.684237
0.33,64.9,-62.3,2.27,0.52,0.648369,0.438876
0.2,65.5,-62.7,1.73,0.4,0.504754,0.356447
0.45,64.9,-62.9,2.82,0.51,0.757132,0.460972
0.8,83,-51.7,3.74,0.7,1.009509,0.619688
0.82,84.5,-51.5,4.29,0.53,1.02205,0.525245
0.3,81.7,-49.4,2.21,0.48,0.618195,0.402918
0.28,82.8,-49.7,1.92,0.53,0.597234,0.499956
0.29,82.5,-50.4,2.09,0.58,0.607805,0.426224
0.58,82.4,-50.9,3.12,0.7,0.859566,0.54562
0.24,83.4,-49.7,2.06,0.55,0.552931,0.33666
0.42,78,-50.4,2.55,0.57,0.731459,0.499085
0.45,78.9,-49.8,2.92,0.5,0.757132,0.43726
0.21,80.9,-49.3,2.04,0.37,0.517219,0.28941
0.33,86.5,-47.7,2.68,0.38,0.648369,0.34016
0.28,87,-48.2,2.13,0.43,0.597234,0.390906
0.27,86.2,-49,2.11,0.46,0.586472,0.378069
0.21,84.8,-48.8,1.82,0.34,0.517219,0.346945
0.49,84.2,-49.1,3.13,0.56,0.790066,0.439023
0.19,85.5,-49,1.78,0.36,0.491974,0.314238
0.55,78.3,-51.2,2.72,0.79,0.837041,0.674888
0.24,79,-50.2,2.46,0.29,0.552931,0.264179
0.14,79.9,-49.3,1.54,0.3,0.422308,0.266338
0.08,80.3,-49,1.18,0.23,0.319235,0.197204
0.68,78.5,-52.2,3.22,0.86,0.930721,0.644445
0.54,78.9,-52.9,2.89,0.63,0.829396,0.566384
0.46,78.6,-53.6,2.53,0.66,0.765498,0.587777
0.05,78.2,-53.2,0.84,0.23,0.252377,0.190883
0.33,80.7,-53,2.36,0.43,0.648369,0.409768
0.28,79.9,-53.2,2.03,0.55,0.597234,0.429128
0.14,79.7,-54.2,1.41,0.36,0.422308,0.316296
0.37,78.8,-54.9,2.39,0.57,0.68654,0.469754
0.87,80.9,-53.5,4.7,0.64,1.052749,0.500441
0.28,85.3,-48.6,2.22,0.4,0.597234,0.364886
0.27,85.9,-48.4,2.13,0.45,0.586472,0.372072
0.31,86.4,-48.3,2.19,0.46,0.628414,0.429141
0.57,88.5,-48.6,3.26,0.56,0.852124,0.497945
0.77,91.3,-48.3,3.86,0.89,0.9904,0.563179
0.97,91.4,-47,3.79,0.9,1.111606,0.793076
0.68,89.8,-48,3.32,0.68,0.930721,0.608692
0.57,88.4,-47.8,3.29,0.51,0.852124,0.491263
0.58,87.1,-47,3.2,0.7,0.859566,0.523667
0.46,88.6,-47.3,2.57,0.6,0.765498,0.565361
1.25,89.5,-47.1,4.3,0.97,1.261886,0.901315
0.74,88.4,-46.4,3.2,0.82,0.970915,0.750974
0.41,89.2,-46.1,2.54,0.61,0.722698,0.485613
0.59,88.4,-45.6,2.89,0.71,0.866944,0.651215
0.43,87.7,-45.9,2.4,0.72,0.740115,0.600845
0.53,90.1,-45.5,2.71,0.7,0.821681,0.634424
0.42,90.7,-47,2.54,0.54,0.731459,0.502893
0.46,90.3,-46.3,2.55,0.69,0.765498,0.576074
0.59,90.8,-45.9,3.09,0.65,0.866944,0.567821
0.39,91.4,-45.9,2.57,0.48,0.704851,0.44415
0.27,91.9,-46.7,2.12,0.38,0.586472,0.375031
0.37,92.5,-45.5,2.23,0.63,0.68654,0.554357
0.16,92.9,-45.9,1.55,0.34,0.451466,0.317776
0.32,91.9,-45.6,2.29,0.49,0.63847,0.413733
0.36,92.3,-46.2,2.46,0.57,0.677199,0.429397
0.65,91.1,-44.9,3.02,0.79,0.909959,0.691121
0.69,90,-44.5,3.3,0.86,0.93754,0.628101
1.18,92,-44.4,4.35,1.06,1.226044,0.809439
0.6,92.7,-43.7,2.9,0.66,0.87426,0.664912
0.87,91.4,-43.2,3.52,0.86,1.052749,0.784924
0.72,90.5,-43.3,3.49,0.66,0.957704,0.603871
0.28,89.7,-43,2.06,0.44,0.597234,0.416213
0.3,89.2,-43.8,2.12,0.49,0.618195,0.435908
0.28,88.7,-44.1,1.99,0.5,0.597234,0.449264
0.2,89.1,-43,1.7,0.46,0.504754,0.370247
0.63,85.7,-43.4,3.68,0.59,0.89585,0.473682
0.17,85,-44,1.6,0.41,0.465361,0.326572
1.62,92.4,-49.4,6.39,0.69,1.436556,0.685889
0.62,73.3,-47.8,3.11,0.68,0.888712,0.601916
0.28,76.9,-48.7,1.97,0.48,0.597234,0.461088
0.24,77.4,-49.2,1.92,0.41,0.552931,0.380314
0.69,76.8,-49.5,3.79,0.59,0.93754,0.506588
0.2,75.8,-49.1,1.81,0.36,0.504754,0.32735
0.23,75.9,-48.8,2.27,0.36,0.541289,0.278728
0.58,75.9,-48.1,3.42,0.51,0.859566,0.474773
0.14,69.8,-46.7,1.38,0.33,0.422308,0.334944
0.16,70.3,-46.6,1.51,0.34,0.451466,0.336657
0.35,71.5,-47.7,2.31,0.52,0.667727,0.462524
0.57,71.6,-47.2,3.17,0.63,0.852124,0.519728
0.38,71.3,-46.7,2.29,0.57,0.695756,0.540254
0.46,72.5,-47.1,2.81,0.6,0.765498,0.477018
0.13,73.5,-46.8,1.39,0.39,0.406946,0.28959
0.16,73.5,-47.2,1.64,0.3,0.451466,0.286495
0.43,74.4,-47.7,2.86,0.52,0.740115,0.426214
0.24,74.4,-46.6,1.84,0.44,0.552931,0.417315
0.33,75.6,-46.4,2.47,0.42,0.648369,0.381405
0.19,75.1,-46.7,1.92,0.33,0.491974,0.279498
0.55,75.1,-47.1,3.24,0.49,0.837041,0.480807
0.27,76.2,-47.1,2.07,0.42,0.586472,0.391105
0.3,76.1,-47.5,2.48,0.38,0.618195,0.337719
0.5,77.5,-47.7,2.85,0.54,0.798087,0.521003
0.24,76.6,-46.3,1.83,0.51,0.552931,0.423147
0.53,77.9,-46.6,3,0.62,0.821681,0.51654
0.18,77.3,-46.3,1.91,0.29,0.478852,0.263832
0.11,76.5,-46.7,1.27,0.27,0.374336,0.270341
0.14,77.2,-46.9,1.43,0.38,0.422308,0.306166
0.1,77.4,-47.2,1.33,0.23,0.356915,0.217549
0.86,72.7,-45.9,3.57,0.93,1.046681,0.746168
0.24,78.5,-47.5,1.93,0.36,0.552931,0.376524
0.4,79,-47,2.97,0.37,0.713831,0.371223
0.35,80,-47.1,2.19,0.57,0.667727,0.523653
0.46,77.3,-45.7,3.21,0.51,0.765498,0.393999
0.6,77.1,-45.2,3.4,0.71,0.87426,0.498737
0.53,78.4,-45,2.75,0.63,0.821681,0.611328
0.6,79.2,-44.7,3.26,0.76,0.87426,0.531254
0.41,78,-44.5,2.6,0.55,0.722698,0.465789
0.54,76.7,-44.4,2.9,0.71,0.829396,0.562661
0.69,77.3,-43.6,3.4,0.72,0.93754,0.595966
0.6,76.9,-43,3.52,0.69,0.87426,0.474994
0.66,78.7,-43.3,3.05,0.73,0.916932,0.692467
0.4,78.5,-44.1,2.52,0.6,0.713831,0.475749
0.62,79.7,-43.8,3.03,0.69,0.888712,0.634143
0.9,77.9,-42.4,4.1,0.82,1.070746,0.624779
0.65,79.4,-42.2,3.19,0.81,0.909959,0.614243
0.42,80.4,-41.6,2.42,0.62,0.731459,0.560133
0.23,81,-41.3,2,0.39,0.541289,0.333938
0.33,81.9,-41.3,2.28,0.54,0.648369,0.435283
0.57,83.8,-42,2.98,0.66,0.852124,0.577871
0.61,85,-42.5,3.23,0.62,0.881516,0.550876
0.3,87.4,-41.3,1.99,0.56,0.618195,0.514936
0.16,87.6,-41.8,1.58,0.33,0.451466,0.30603
0.28,89.6,-41.7,2.29,0.46,0.597234,0.347994
0.28,90.3,-41.6,2.19,0.53,0.597234,0.372933
0.19,90.9,-41.4,1.64,0.39,0.491974,0.369783
0.21,91.4,-41.6,1.75,0.42,0.517219,0.375469
0.67,94.2,-43,3.75,0.72,0.923852,0.496388
0.5,93.8,-41.2,3.11,0.59,0.798087,0.454004
0.14,93.2,-42.1,1.49,0.3,0.422308,0.282035
0.44,93.2,-41.5,2.56,0.61,0.748672,0.531002
0.08,92.7,-41.8,1.03,0.29,0.319235,0.263977
0.57,90.8,-40.4,2.79,0.79,0.852124,0.671451
0.19,91.4,-40.7,1.69,0.37,0.491974,0.345832
0.13,92.4,-41.1,1.45,0.33,0.406946,0.26704
0.52,93.2,-40.3,2.69,0.75,0.813892,0.624876
0.29,91.7,-40,2.02,0.55,0.607805,0.460158
0.46,91.2,-39.5,2.53,0.72,0.765498,0.587777
1.1,92.6,-39.2,3.83,1.08,1.183754,0.96807
0.62,94.3,-39.9,2.92,0.73,0.888712,0.693317
0.41,93.9,-39.2,2.54,0.6,0.722698,0.485613
0.54,92.6,-38.1,2.75,0.76,0.829396,0.631505
0.49,93.3,-38.5,2.59,0.72,0.790066,0.620369
0.67,94.2,-38.1,3.29,0.71,0.923852,0.605991
1,95.5,-37.6,3.9,1.04,1.128665,0.783353
0.72,96.3,-38.6,3.35,0.91,0.957704,0.649138
0.82,95,-39,3.42,0.82,1.02205,0.760631
0.4,85.4,-40.1,2.43,0.57,0.713831,0.511127
0.71,86.6,-40.1,3.11,0.84,0.95103,0.752058
0.14,85.8,-39.9,1.5,0.31,0.422308,0.278644
0.31,89.2,-39.6,2.13,0.48,0.628414,0.454275
0.67,90,-38.8,2.98,0.84,0.923852,0.763662
0.55,87.6,-38.9,2.96,0.58,0.837041,0.556053
0.2,86.8,-38.9,1.82,0.37,0.504754,0.324262
0.34,86.4,-39.3,2.31,0.48,0.658119,0.443348
0.47,85.5,-38.9,2.65,0.6,0.773774,0.54699
0.68,84.2,-37.8,4.41,0.46,0.930721,0.411901
0.54,84.2,-38.5,3.53,0.47,0.829396,0.418727
0.16,83.4,-38,1.7,0.33,0.451466,0.270514
0.51,82.6,-37.7,3.22,0.58,0.806028,0.442703
0.74,76.6,-39.3,3.25,0.85,0.970915,0.722002
0.34,76.7,-40,2.16,0.63,0.658119,0.515099
0.1,76.1,-39.8,1.21,0.29,0.356915,0.258222
0.89,75.5,-39.2,3.65,0.93,1.064781,0.751117
0.9,75.9,-38.5,3.79,0.76,1.070746,0.709985
0.42,74.7,-38.3,2.48,0.57,0.731459,0.528339
0.52,74.6,-37.1,2.73,0.61,0.813892,0.602353
0.44,71.4,-37.2,2.62,0.59,0.748672,0.507116
0.44,71,-36.3,2.95,0.46,0.748672,0.419254
0.35,68.8,-35.8,2.35,0.54,0.667727,0.447583
0.38,69.3,-35.4,2.44,0.51,0.695756,0.469428
0.47,70.8,-34.5,2.73,0.51,0.773774,0.516217
0.42,69.5,-34.2,2.8,0.49,0.731459,0.42713
0.77,70.7,-35.4,3.53,0.74,0.9904,0.648631
0.17,69.7,-34.6,1.67,0.32,0.465361,0.301466
0.18,70,-34.9,1.74,0.3,0.478852,0.303675
0.59,65.6,-34.9,3.26,0.61,0.866944,0.519982
0.63,65.6,-33.4,3.05,0.73,0.89585,0.641179
0.45,65.8,-32.7,3.2,0.48,0.757132,0.385737
0.6,66.7,-33,3.36,0.58,0.87426,0.507426
0.45,64.9,-32.6,3.16,0.45,0.757132,0.392104
0.42,64.1,-33.3,2.75,0.52,0.731459,0.438924
0.7,72.7,-33.2,3.14,0.83,0.944309,0.713738
1.29,73.6,-34.4,4.85,0.92,1.281917,0.76155
0.47,76.8,-33.7,2.73,0.64,0.773774,0.516217
0.44,78.2,-34.4,2.56,0.61,0.748672,0.531002
0.2,77.5,-34.4,1.77,0.37,0.504754,0.340789
0.34,77.6,-35,2.72,0.38,0.658119,0.345318
0.4,78.8,-35.1,2.48,0.59,0.713831,0.490318
0.22,79.4,-35.1,1.91,0.36,0.529391,0.339699
0.35,79.8,-38,2.21,0.58,0.667727,0.510853
0.2,80.2,-37.6,1.82,0.36,0.504754,0.324262
0.32,80.5,-38,2.26,0.57,0.63847,0.423513
0.46,81.1,-37.5,2.74,0.53,0.765498,0.497712
0.28,80.5,-37,2.12,0.45,0.597234,0.394192
0.16,80.2,-36.3,1.65,0.34,0.451466,0.283625
0.43,81.5,-37,2.66,0.49,0.740115,0.477823
0.52,82.9,-36.9,3.04,0.51,0.813892,0.493303
0.41,80.7,-36.2,2.4,0.58,0.722698,0.548112
0.16,80.1,-36,1.48,0.4,0.451466,0.354715
0.1,80.1,-35.6,1.21,0.29,0.356915,0.258222
0.08,79.8,-35.5,1.12,0.28,0.319235,0.215676
0.3,85.8,-37.8,2.18,0.43,0.618195,0.412911
0.3,86.3,-38.1,2.16,0.52,0.618195,0.420079
1.08,88.3,-35.2,3.89,0.95,1.172943,0.892411
0.35,87.8,-34.3,2.3,0.51,0.667727,0.466559
1.07,90,-35.2,3.94,1.03,1.1675,0.851866
0.94,91.2,-35.2,3.62,0.86,1.094282,0.838032
0.73,91,-34.1,3.17,0.88,0.964332,0.751266
0.69,88.9,-32.7,3.18,0.83,0.93754,0.676475
0.7,93.9,-32.9,3.07,0.81,0.944309,0.760213
0.41,94.2,-33.5,2.38,0.6,0.722698,0.560304
0.93,91.9,-34.4,3.51,1.01,1.088445,0.900514
0.57,92.9,-34.9,2.86,0.66,0.852124,0.629718
0.19,92.3,-35.2,1.66,0.42,0.491974,0.359387
0.19,91.8,-35.2,1.8,0.38,0.491974,0.308451
0.39,94,-35.2,2.37,0.64,0.704851,0.518765
0.61,94.9,-34.7,2.86,0.81,0.881516,0.714365
0.21,96.4,-33.9,1.74,0.42,0.517219,0.380366
0.13,96.7,-34.4,1.39,0.38,0.406946,0.28959
0.43,95.8,-34.6,2.55,0.56,0.740115,0.516813
0.52,95.5,-35.6,2.85,0.61,0.813892,0.55061
0.69,96.3,-35.2,3.46,0.64,0.93754,0.579096
0.8,94.8,-36.1,3.53,0.72,1.009509,0.684676
0.26,95.9,-36.5,1.94,0.44,0.575509,0.421216
0.32,94.6,-37.2,2.26,0.53,0.63847,0.423513
0.15,95.4,-36.5,1.49,0.36,0.43713,0.312379
0.11,63.9,-29.5,1.24,0.27,0.374336,0.286047
0.29,63.3,-29.7,2.21,0.43,0.607805,0.38485
0.66,69,-32.4,3.19,0.73,0.916932,0.628018
0.84,69,-31.5,3.78,0.93,1.034439,0.649272
0.65,69.3,-30.3,3.21,0.73,0.909959,0.607162
0.34,69.8,-30.9,2.29,0.47,0.658119,0.450732
0.88,70.2,-31.6,3.75,0.8,1.058782,0.70126
0.41,71.5,-31.5,2.61,0.61,0.722698,0.462742
1.3,72.6,-31.5,4.48,0.94,1.286876,0.880133
0.23,72.6,-32.2,1.93,0.36,0.541289,0.354504
0.35,71,-30.8,2.57,0.43,0.667727,0.386834
0.35,73.2,-31,2.27,0.48,0.667727,0.479537
0.27,73.9,-31.5,2.16,0.43,0.586472,0.363627
0.11,73.7,-31.9,1.33,0.32,0.374336,0.246967
0.23,78.8,-32.8,1.84,0.44,0.541289,0.388916
0.22,78.5,-32.1,1.83,0.44,0.529391,0.367394
0.7,79.6,-31,3.24,0.73,0.944309,0.664913
0.3,78.6,-30.4,2.07,0.53,0.618195,0.459509
0.55,90.2,-29.8,2.73,0.8,0.837041,0.66722
0.36,90.4,-30.5,2.35,0.6,0.677199,0.466239
0.6,91.1,-29.2,3.28,0.65,0.87426,0.52622
0.62,92.1,-29.9,3.13,0.66,0.888712,0.594755
0.52,93.3,-30.4,2.79,0.73,0.813892,0.574212
0.59,94.2,-29.9,2.93,0.73,0.866944,0.630568
0.64,94.9,-29.4,3.09,0.8,0.902932,0.63923
0.67,94,-30.8,3.11,0.79,0.923852,0.677992
0.65,94,-32,3.1,0.72,0.909959,0.650387
0.42,94.6,-31,2.72,0.47,0.731459,0.446487
0.37,95.1,-30.3,2.29,0.67,0.68654,0.515025
1.06,95.8,-29.7,4.05,0.83,1.162032,0.793031
1.1,95.2,-28.3,3.78,1.1,1.183754,1.018641
0.2,91.2,-25,1.71,0.45,0.504754,0.365406
0.75,91.3,-25.8,3.26,0.86,0.977453,0.733287
0.72,86.1,-25.2,3.13,0.8,0.957704,0.758639
0.6,86.7,-24.5,3,0.79,0.87426,0.615474
0.21,85.9,-24.5,2.04,0.54,0.517219,0.28941
0.2,85.5,-24.6,1.89,0.34,0.504754,0.304985
0.33,85.1,-23.9,2.17,0.62,0.648369,0.482459
0.4,86,-23.9,2.33,0.7,0.713831,0.567697
0.44,86.6,-23.7,2.66,0.53,0.748672,0.493194
0.38,85.3,-23.3,2.27,0.6,0.695756,0.554071
0.69,84.4,-23.6,3.16,0.78,0.93754,0.686079
0.64,82.6,-23.8,2.94,0.82,0.902932,0.723415
0.44,81.7,-23.3,2.46,0.68,0.748672,0.584043
1.17,80.8,-22.6,3.95,1.06,1.220838,0.998377
0.55,80.6,-21.8,3,0.61,0.837041,0.542944
0.3,86.6,-22,2.26,0.48,0.618195,0.387922
0.42,86.2,-22.7,2.53,0.7,0.731459,0.506811
0.57,79.6,-31.8,2.97,0.68,0.852124,0.581589
0.47,80.5,-31.4,2.57,0.65,0.773774,0.586597
0.53,81.5,-31.3,2.84,0.69,0.821681,0.570089
0.98,81.5,-30.4,3.61,0.97,1.117322,0.918173
0.37,81.4,-29.6,2.33,0.53,0.68654,0.494855
0.57,81.8,-29,3.29,0.59,0.852124,0.491263
0.76,80.2,-29,3.8,0.69,0.983948,0.566973
0.42,77.7,-27.3,2.53,0.53,0.731459,0.506811
0.45,74.4,-29.4,2.67,0.55,0.757132,0.50557
0.27,74.8,-29,2.06,0.41,0.586472,0.394616
0.16,75.5,-28.9,1.56,0.33,0.451466,0.313674
0.12,75.2,-29.4,1.43,0.28,0.390981,0.245448
0.22,75.9,-29.4,1.8,0.4,0.529391,0.380179
0.71,75.7,-28.4,3.39,0.78,0.95103,0.622758
0.46,74.6,-28.3,2.72,0.54,0.765498,0.504195
0.37,73.7,-28.5,2.6,0.46,0.68654,0.407442
0.29,73.4,-27.9,2.5,0.35,0.607805,0.321006
0.39,74,-27.6,3.03,0.42,0.704851,0.351409
0.48,76.5,-27.6,2.63,0.63,0.781962,0.575104
0.13,75.9,-27.6,1.35,0.37,0.406946,0.309729
0.11,74.9,-27.3,1.23,0.32,0.374336,0.292318
0.11,75.3,-27.5,1.22,0.33,0.374336,0.299355
0.07,75.5,-27.6,1.09,0.25,0.298617,0.188341
0.48,74.2,-26.8,2.63,0.64,0.781962,0.575104
0.8,69.5,-28.7,3.5,0.78,1.009509,0.696046
0.86,65.4,-27.3,3.49,0.9,1.046681,0.785691
0.23,66.1,-27.9,2.03,0.35,0.541289,0.32621
0.38,66.8,-27.3,2.57,0.54,0.695756,0.429255
0.17,66.8,-27.8,1.6,0.35,0.465361,0.326572
0.13,67.4,-28.1,1.47,0.31,0.406946,0.260781
0.32,68.2,-27.9,2.2,0.52,0.63847,0.44582
0.1,67.7,-28.3,1.3,0.29,0.356915,0.225687
0.18,68.5,-28.3,1.69,0.36,0.478852,0.319515
0.42,69.6,-27.9,2.56,0.56,0.731459,0.495381
0.44,69.1,-27.5,2.61,0.52,0.748672,0.510822
0.19,67.4,-27.4,1.75,0.38,0.491974,0.323633
0.25,67.9,-27,2,0.4,0.564333,0.373588
0.27,67.3,-26.7,2.07,0.43,0.586472,0.391105
0.22,68.1,-26.5,1.78,0.4,0.529391,0.38978
0.48,70.8,-28.3,2.53,0.68,0.781962,0.639592
0.35,70.6,-27.6,2.23,0.59,0.667727,0.499421
0.39,71.7,-27.7,2.63,0.45,0.704851,0.42797
0.18,71.5,-28.1,1.54,0.46,0.478852,0.400376
0.56,71.4,-27,3.03,0.58,0.844616,0.546959
0.5,70,-26.7,2.63,0.67,0.798087,0.617603
0.33,69,-26.7,2.15,0.53,0.648369,0.493631
0.15,67,-26.4,1.57,0.31,0.43713,0.282821
0.3,67.5,-25.9,2.23,0.45,0.618195,0.396694
0.26,68,-25.5,1.85,0.53,0.575509,0.481941
0.18,67.7,-26.2,2.07,0.3,0.478852,0.237238
1.04,69.3,-25.3,3.73,1,1.151017,0.936289
0.78,69.3,-26.1,3.65,0.67,0.99681,0.623558
0.62,70.5,-25.7,2.91,0.71,0.888712,0.700125
0.26,70.6,-26.4,1.92,0.52,0.575509,0.431621
0.45,71.3,-25.9,2.51,0.66,0.757132,0.57675
0.56,70.7,-24.7,3.03,0.59,0.844616,0.546959
0.57,67.2,-24.4,2.82,0.72,0.852124,0.651996
0.47,67.2,-25.1,2.65,0.61,0.773774,0.54699
0.52,73.7,-26.2,2.71,0.67,0.813892,0.613144
0.56,73.3,-25.3,2.91,0.66,0.844616,0.58974
1,72.8,-24.1,3.8,0.88,1.128665,0.82796
0.6,71.8,-23.3,2.82,0.78,0.87426,0.722716
0.32,67.2,-23.7,2.12,0.56,0.63847,0.48445
0.56,66.4,-23.8,2.79,0.83,0.844616,0.649402
0.11,66.2,-23.3,1.45,0.24,0.374336,0.215187
0.44,66.9,-23.1,2.44,0.61,0.748672,0.598153
0.67,66,-22.6,3.24,0.7,0.923852,0.623148
0.29,63.6,-27.8,2.18,0.48,0.607805,0.393896
0.26,63.7,-27.3,2.08,0.45,0.575509,0.368144
0.16,63.5,-26.7,1.58,0.32,0.451466,0.30603
0.7,61.7,-24.3,3.19,0.77,0.944309,0.687515
0.53,64.2,-23.8,2.72,0.66,0.821681,0.628266
0.78,64.9,-22.3,3.19,0.96,0.99681,0.849662
0.8,65.1,-23.5,3.68,0.95,1.009509,0.636167
0.75,63.7,-22.4,3.2,0.87,0.977453,0.770405
0.55,67.2,-22,2.82,0.69,0.837041,0.613203
0.5,70.2,-22.6,2.67,0.64,0.798087,0.594337
0.49,72.1,-20.6,2.82,0.56,0.790066,0.516208
0.24,70.8,-23.9,1.88,0.4,0.552931,0.397073
0.39,70.1,-23.4,2.43,0.49,0.704851,0.4916
0.2,69.2,-22.7,1.68,0.39,0.504754,0.380828
0.25,68.4,-22.5,1.93,0.43,0.564333,0.400249
0.3,68.4,-22,2.23,0.41,0.618195,0.396694
0.48,68,-21.5,3.22,0.47,0.781962,0.412213
0.24,69,-21.6,1.83,0.45,0.552931,0.423147
0.36,69.6,-21.3,2.38,0.52,0.677199,0.455104
0.21,69.1,-22.3,1.93,0.32,0.517219,0.314184
0.32,69.7,-22,2.13,0.52,0.63847,0.478809
1.01,73.4,-23,4.37,0.77,1.134295,0.655885
0.23,74.2,-24.4,1.99,0.4,0.541289,0.336643
0.35,74.6,-24.1,2.52,0.42,0.667727,0.398388
0.46,75.3,-23.8,3.02,0.47,0.765498,0.427924
0.4,76.2,-24.5,2.65,0.48,0.713831,0.436896
0.72,77.1,-24.2,3.38,0.72,0.957704,0.638454
0.3,78,-25.7,2.07,0.52,0.618195,0.459509
0.2,77.7,-24.8,1.78,0.38,0.504754,0.337249
0.88,79.1,-24.7,3.68,0.97,1.058782,0.726452
0.94,79.7,-25.5,3.84,0.84,1.094282,0.737211
1.21,78.2,-23.6,4.23,1.07,1.241532,0.887069
0.69,79.6,-23.2,3.19,0.74,0.93754,0.671876
0.33,80.5,-20.8,2.13,0.6,0.648369,0.506134
0.38,81.1,-20.6,2.37,0.63,0.695756,0.497509
0.16,81.7,-20.4,1.52,0.37,0.451466,0.331495
0.48,83.3,-19.7,2.9,0.49,0.781962,0.479313
0.4,82.4,-19.4,2.49,0.49,0.713831,0.486524
0.16,86.5,-20.1,1.58,0.32,0.451466,0.30603
0.22,86.3,-20.4,1.83,0.44,0.529391,0.367394
0.53,86.7,-19.5,2.75,0.66,0.821681,0.611328
0.52,87.3,-19,2.85,0.63,0.813892,0.55061
0.22,87.9,-18.8,1.84,0.45,0.529391,0.363482
0.52,87.9,-19.5,2.77,0.64,0.813892,0.582994
0.17,87.4,-19.9,1.55,0.39,0.465361,0.350531
0.69,89.1,-19,3.13,0.76,0.93754,0.701648
0.4,90.1,-19.6,2.39,0.62,0.713831,0.53064
0.27,89.4,-20,1.89,0.51,0.586472,0.486518
0.54,90.3,-20.6,2.85,0.67,0.829396,0.58225
0.15,89,-20.2,1.43,0.41,0.43713,0.345562
0.29,88.3,-20.5,2.04,0.47,0.607805,0.449294
0.15,87.9,-20.7,1.48,0.37,0.43713,0.316975
0.19,87,-20.7,1.67,0.4,0.491974,0.354631
0.16,88.3,-21,1.52,0.37,0.451466,0.331495
0.51,89.2,-21.3,2.65,0.75,0.806028,0.627742
0.61,90,-21.7,3.18,0.6,0.881516,0.565406
0.49,87.6,-21.3,2.67,0.59,0.790066,0.574771
0.24,88.7,-21.7,2.01,0.35,0.552931,0.350301
0.24,90.3,-22.7,1.86,0.55,0.552931,0.406655
0.24,85.9,-19.8,1.86,0.55,0.552931,0.406655
0.36,85.2,-19.8,2.3,0.57,0.677199,0.487341
0.22,84.5,-19.7,1.94,0.34,0.529391,0.330987
1.1,81.7,-18.7,3.88,1.15,1.183754,0.929752
0.96,80.2,-17.2,3.76,1.06,1.105862,0.793677
0.73,78.7,-18,3.29,0.72,0.964332,0.687102
0.71,80.4,-16.1,3.11,0.77,0.95103,0.752058
0.09,81.4,-17.9,1.11,0.32,0.3386,0.266223
0.51,81.8,-17.6,2.83,0.61,0.806028,0.542574
0.41,82.5,-17.2,2.46,0.55,0.722698,0.517556
0.62,82.6,-18.1,3.22,0.74,0.888712,0.565813
0.36,82.8,-16.6,2.29,0.56,0.677199,0.492041
0.19,83.9,-17.9,1.57,0.44,0.491974,0.424734
0.45,83.4,-19.2,2.86,0.61,0.757132,0.451036
0.42,81.8,-16.6,2.62,0.54,0.731459,0.47502
0.76,75.4,-20.7,3.34,0.73,0.983948,0.708738
0.6,73.8,-21,3.07,0.62,0.87426,0.588312
0.19,73.4,-20.3,1.72,0.35,0.491974,0.334066
0.73,72.9,-19.5,3.12,0.92,0.964332,0.78873
0.2,72.4,-18.9,1.78,0.4,0.504754,0.337249
0.87,74.5,-17.9,3.83,0.77,1.052749,0.665595
0.59,74.1,-18.8,3.59,0.84,0.866944,0.453538
0.51,75.3,-18.6,2.62,0.71,0.806028,0.649283
0.35,76,-18.4,2.22,0.54,0.667727,0.504988
0.82,74.6,-19.3,3.39,0.85,1.02205,0.777391
0.45,74.4,-20.2,2.61,0.63,0.757132,0.528124
0.35,77.2,-19,2.33,0.51,0.667727,0.45483
0.88,75.9,-19.7,3.88,0.71,1.058782,0.661443
0.85,76.9,-20.3,3.76,0.7,1.040578,0.665489
2.13,76.6,-17.3,5.32,1.47,1.647233,1.355423
0.43,78.8,-16.8,2.4,0.68,0.740115,0.600845
0.76,77.6,-16.3,3.2,0.87,0.983948,0.791225
0.87,75.9,-16,3.54,0.85,1.052749,0.774506
0.41,74.6,-16.7,2.39,0.63,0.722698,0.554048
0.35,75.2,-16.8,2.21,0.55,0.667727,0.510853
0.79,76.4,-15,3.36,0.79,1.00318,0.744929
0.28,76.6,-14.3,2.05,0.51,0.597234,0.420349
1.32,77.4,-14.1,4.44,1.02,1.296738,0.916877
1.22,78.6,-14.1,4.21,1.11,1.246652,0.908193
0.57,79.6,-14.1,2.82,0.75,0.852124,0.651996
0.16,79.2,-14.9,1.51,0.38,0.451466,0.336657
0.59,79.6,-15.3,2.95,0.64,0.866944,0.621221
0.71,75.5,-13.9,3.17,0.79,0.95103,0.714511
0.41,74.7,-13.3,2.45,0.69,0.722698,0.522157
0.53,73.9,-13.1,2.68,0.72,0.821681,0.654912
0.43,72.4,-15.2,2.55,0.56,0.740115,0.516813
0.58,70.7,-15.8,3.35,0.64,0.859566,0.488853
0.55,69,-14.4,2.73,0.82,0.837041,0.66722
0.45,69.7,-14.2,2.61,0.57,0.757132,0.528124
0.32,69.8,-13.3,2.23,0.59,0.63847,0.434147
0.34,69.2,-12.5,2.17,0.62,0.658119,0.508571
0.39,69.8,-12.7,2.36,0.66,0.704851,0.523937
0.47,69.5,-10.7,2.8,0.6,0.773774,0.49375
0.37,73.9,-11.5,2.29,0.53,0.68654,0.515025
1.22,73.2,-12.2,4.26,1.06,1.246652,0.885164
0.18,74,-12.2,1.59,0.39,0.478852,0.363482
0.39,74.9,-12.2,2.42,0.52,0.704851,0.495741
0.1,74.3,-12.6,1.18,0.32,0.356915,0.274156
0.59,75.7,-12.8,2.92,0.67,0.866944,0.635466
0.36,74.9,-12.8,2.52,0.51,0.677199,0.41295
1.42,66.9,-20.6,4.72,1.01,1.34496,0.905902
0.48,67.6,-19.9,2.59,0.66,0.781962,0.597028
0.39,66.9,-19.4,2.29,0.59,0.704851,0.568716
0.25,68.4,-19.8,1.89,0.47,0.564333,0.419332
0.43,68.7,-20.3,2.42,0.63,0.740115,0.585545
0.3,68.1,-20.5,2.03,0.55,0.618195,0.483185
0.22,67.7,-19,1.77,0.43,0.529391,0.394988
0.63,66,-18.3,3.13,0.8,0.89585,0.608579
0.39,65.2,-17.8,2.41,0.53,0.704851,0.50002
0.36,61.7,-18.7,2.29,0.55,0.677199,0.492041
0.19,62.5,-18.7,1.62,0.43,0.491974,0.381701
0.44,65.1,-17.2,2.66,0.55,0.748672,0.493194
0.11,65.8,-16.8,1.33,0.25,0.374336,0.246967
0.4,67.6,-17.7,2.48,0.61,0.713831,0.490318
0.34,67,-18,2.31,0.61,0.658119,0.443348
0.44,68,-18.3,2.54,0.58,0.748672,0.539997
0.13,66.6,-18.8,1.37,0.31,0.406946,0.298937
0.23,67,-18.5,1.87,0.42,0.541289,0.376087
1.98,62.9,-17.8,5.74,1.11,1.588173,1.015138
0.61,61.9,-19.7,3.06,0.74,0.881516,0.606383
0.25,62.5,-19.9,1.99,0.4,0.564333,0.37701
1.36,62.9,-16.8,4.95,1.04,1.316239,0.789154
0.34,60.2,-16.6,2.2,0.58,0.658119,0.491113
0.6,61.5,-17,2.87,0.82,0.87426,0.683731
0.31,61.8,-16.5,2.46,0.58,0.628414,0.355265
0.9,62.3,-15.7,3.8,0.79,1.070746,0.706618
0.48,63.6,-15.9,2.57,0.75,0.781962,0.609589
0.96,66.2,-17.4,3.62,0.94,1.105862,0.871848
0.19,64.4,-16.7,1.63,0.42,0.491974,0.375519
0.74,65.1,-16.3,3.16,0.83,0.970915,0.778898
0.64,64.5,-15.8,3.09,0.73,0.902932,0.63923
0.6,65.1,-15.3,2.94,0.7,0.87426,0.643155
0.55,63.6,-14.8,2.98,0.67,0.837041,0.549365
0.9,64.5,-14.5,3.64,1.04,1.070746,0.768761
0.89,65.2,-13.9,3.56,1.02,1.064781,0.794015
1.08,61.9,-13.9,3.82,1.17,1.172943,0.939031
0.46,57.3,-13.3,2.58,0.67,0.765498,0.560318
0.3,58.1,-13.4,2.02,0.57,0.618195,0.490127
0.42,54.1,-11.1,2.41,0.69,0.731459,0.566354
0.16,54.7,-11,1.45,0.44,0.451466,0.379434
0.11,55.1,-10.9,1.2,0.35,0.374336,0.31708
0.56,56,-10.9,3.13,0.7,0.844616,0.5183
0.43,55.8,-11.4,2.48,0.57,0.740115,0.549112
0.38,56.6,-11.7,2.36,0.55,0.695756,0.502084
0.44,56.6,-10.8,2.79,0.64,0.748672,0.45544
0.33,57.8,-12.6,2.26,0.52,0.648369,0.442577
0.39,65.5,-13.1,2.32,0.63,0.704851,0.547269
0.3,66.2,-12.9,2.03,0.57,0.618195,0.483185
0.35,65.5,-12.2,2.24,0.57,0.667727,0.494117
0.38,66.2,-11.6,2.29,0.65,0.695756,0.540254
0.48,64.6,-11.1,2.72,0.68,0.781962,0.535807
0.2,65.5,-11.1,1.61,0.48,0.504754,0.436739
0.05,65.1,-10.8,0.86,0.21,0.252377,0.180918
0.42,65,-10.1,2.43,0.62,0.731459,0.554226
0.75,63.9,-10.7,3.19,0.92,0.977453,0.77758
1.35,63.9,-9.6,4.4,1.22,1.311391,0.96969
0.35,64.9,-9.2,2.33,0.5,0.667727,0.45483
0.87,65.8,-9.4,3.54,1.02,1.052749,0.774506
0.48,65.7,-10.5,2.68,0.61,0.781962,0.551935
0.51,57.5,-10.1,2.8,0.69,0.806028,0.553706
0.06,58.2,-9.8,0.9,0.25,0.276465,0.222091
0.45,55.8,-10,2.53,0.55,0.757132,0.565461
0.95,54.7,-10.1,3.77,0.83,1.100087,0.77645
0.39,26.8,-15.2,2.65,0.49,0.704851,0.422968
0.48,26.1,-15.3,2.66,0.75,0.781962,0.560743
0.37,25.3,-15.4,2.43,0.54,0.68654,0.45541
0.48,24.3,-15.6,3.06,0.62,0.781962,0.442166
0.2,25.1,-16,2.06,0.29,0.504754,0.26949
0.3,26,-16,2.17,0.44,0.618195,0.41644
0.35,26.9,-15.9,2.5,0.55,0.667727,0.403306
0.3,26.5,-16.4,2.63,0.43,0.618195,0.312353
0.46,27.4,-16.4,2.59,0.62,0.765498,0.555461
0.46,22.9,-18.8,2.95,0.53,0.765498,0.442584
0.32,24,-18.2,2.52,0.42,0.63847,0.356751
0.52,20,-17.8,2.98,0.63,0.813892,0.50927
1.06,14.9,-16.8,4.11,0.86,1.162032,0.771547
0.55,14.2,-17.4,2.74,0.76,0.837041,0.660003
0.24,13.9,-18.2,1.83,0.54,0.552931,0.423147
0.52,14.6,-18.1,2.67,0.75,0.813892,0.637776
0.46,24.4,-19.1,2.71,0.59,0.765498,0.507548
0.22,12.8,-19.7,1.77,0.42,0.529391,0.394988
0.54,12.5,-20.4,2.89,0.62,0.829396,0.566384
0.26,12.2,-20.9,1.91,0.49,0.575509,0.437277
0.33,13.1,-20.5,2.48,0.42,0.648369,0.379111
0.25,12.9,-21.7,1.99,0.45,0.564333,0.37701
0.12,12.8,-21.2,1.31,0.38,0.390981,0.29044
0.55,14.2,-21.2,2.75,0.7,0.837041,0.653177
0.2,13.5,-21.3,1.68,0.49,0.504754,0.380828
0.14,13.3,-21.8,1.42,0.38,0.422308,0.311054
0.24,13.9,-21.9,1.79,0.54,0.552931,0.451505
0.61,16,-20.8,3.25,0.63,0.881516,0.545389
0.34,16.9,-21.4,2.2,0.64,0.658119,0.491113
0.35,16.1,-21.5,2.38,0.65,0.667727,0.437435
0.83,15.3,-21.3,3.36,0.91,1.028263,0.814944
0.54,20.7,-20.8,3.71,0.51,0.829396,0.393404
0.98,22.1,-21.5,4.16,0.72,1.117322,0.680472
0.56,28.5,-19.3,3.76,0.48,0.844616,0.402987
0.49,27.6,-20,3.22,0.51,0.790066,0.422238
0.25,25.5,-19.1,2.1,0.38,0.564333,0.344226
0.37,24.8,-20.3,2.31,0.6,0.68654,0.504509
0.61,25.9,-20.7,3.39,0.57,0.881516,0.511163
0.32,28.3,-24.1,2.17,0.48,0.63847,0.458793
0.15,28.6,-23.8,1.53,0.37,0.43713,0.296275
0.29,30.2,-24,2.09,0.46,0.607805,0.426224
0.25,29.3,-24.2,2.04,0.35,0.564333,0.36089
0.15,29.6,-23.9,1.74,0.29,0.43713,0.241589
0.1,28.9,-23.9,1.24,0.27,0.356915,0.245537
0.06,29.9,-24.3,0.96,0.18,0.276465,0.190643
0.06,29.2,-23.7,0.98,0.24,0.276465,0.183456
0.38,33,-54,2.47,0.52,0.695756,0.459034
0.88,33,-52.7,3.68,1.01,1.058782,0.726452
0.38,29,-55.1,2.31,0.68,0.695756,0.528001
0.24,28.9,-54.6,1.85,0.44,0.552931,0.411833
0.29,28.2,-54.9,1.98,0.51,0.607805,0.486364
0.6,28.2,-54.1,2.91,0.72,0.87426,0.65916
0.56,27.4,-54.3,2.97,0.75,0.844616,0.566919
0.24,27.5,-53.3,1.87,0.48,0.552931,0.401745
0.53,26.1,-53.4,2.79,0.65,0.821681,0.591545
0.42,26.6,-53.3,2.63,0.57,0.731459,0.471896
0.08,27.1,-53,1.09,0.23,0.319235,0.22756
0.54,32.1,-51.4,2.91,0.65,0.829396,0.559025
0.43,31.1,-51.1,2.69,0.64,0.740115,0.468819
0.42,29.3,-50.8,2.56,0.51,0.731459,0.495381
0.29,30,-50.9,2.01,0.59,0.607805,0.466066
0.14,30,-50.4,1.38,0.37,0.422308,0.334944
1.39,31.3,-50.2,4.68,0.91,1.330677,0.892677
0.51,25.1,-53,2.74,0.63,0.806028,0.578837
0.24,25.1,-52.5,2.22,0.44,0.552931,0.301769
0.11,24.5,-52.7,1.36,0.26,0.374336,0.237652
0.74,23.5,-51.6,3.78,0.67,0.970915,0.552961
0.17,24.4,-51.8,1.63,0.44,0.465361,0.314923
0.84,29.4,-49.7,3.36,0.95,1.034439,0.835133
0.48,30.3,-49.6,2.82,0.76,0.781962,0.501867
0.76,35.2,-49.4,3.25,0.93,0.983948,0.75663
0.34,36.6,-49.1,2.4,0.47,0.658119,0.414627
0.21,36,-48.7,2.14,0.29,0.517219,0.271124
0.18,36,-48.4,1.72,0.34,0.478852,0.30969
0.58,38.4,-49.3,3.26,0.65,0.859566,0.508883
0.16,37,-46.2,1.59,0.43,0.451466,0.302452
0.28,37.4,-46.5,2.28,0.37,0.597234,0.350265
0.09,36.1,-46,1.29,0.23,0.3386,0.199562
0.07,36.3,-46.5,1.04,0.19,0.298617,0.204643
0.09,36.1,-47,1.18,0.26,0.3386,0.231609
0.67,32.1,-47,3.35,0.79,0.923852,0.587378
0.24,31.6,-46,1.95,0.42,0.552931,0.369334
0.19,31.3,-46.4,1.71,0.45,0.491974,0.337822
0.45,31,-45.7,2.56,0.62,0.757132,0.550205
0.51,28.7,-46.3,2.96,0.71,0.806028,0.501912
0.31,29.8,-45,2.08,0.54,0.628414,0.480735
0.6,31.7,-44.7,3.04,0.69,0.87426,0.5994
0.44,28.6,-45.4,2.44,0.73,0.748672,0.598153
0.42,30.5,-44.9,2.37,0.68,0.731459,0.595421
0.31,29.9,-44.4,2.16,0.48,0.628414,0.441018
0.5,33.3,-43.9,2.83,0.58,0.798087,0.527573
0.44,34.4,-44.1,2.7,0.48,0.748672,0.480505
0.23,34.2,-44.4,2.29,0.31,0.541289,0.275574
0.53,33,-42.8,3.17,0.54,0.821681,0.474267
0.96,32.3,-40,3.66,0.98,1.105862,0.845873
0.34,31.7,-40.4,2.5,0.48,0.658119,0.388796
0.21,31.8,-41.8,2.18,0.36,0.517219,0.264597
1.05,32.4,-41.5,3.91,0.89,1.156538,0.840479
0.39,33.4,-40.2,2.71,0.51,0.704851,0.408951
0.38,31.8,-39.2,2.37,0.52,0.695756,0.497509
0.22,32.6,-39.4,2.2,0.36,0.529391,0.275858
0.26,31.2,-39.6,2.02,0.42,0.575509,0.387784
0.76,20.8,-45.8,3.53,0.74,0.983948,0.637071
0.42,17.7,-46.8,2.43,0.65,0.731459,0.554226
0.43,18.2,-46.2,2.4,0.66,0.740115,0.600845
0.49,18.4,-47.2,2.71,0.69,0.790066,0.556703
0.33,19.4,-45.5,2.43,0.42,0.648369,0.391011
0.1,19.9,-45.2,1.2,0.3,0.356915,0.263081
0.32,19.4,-45,2.1,0.53,0.63847,0.496751
0.14,18.7,-45,1.4,0.35,0.422308,0.321958
0.1,18.6,-45.3,1.19,0.27,0.356915,0.26836
0.11,18.2,-45.4,1.26,0.33,0.374336,0.275159
0.43,18,-44.9,2.45,0.59,0.740115,0.565937
0.39,16.2,-45.7,2.58,0.47,0.704851,0.441319
0.57,15.5,-44.8,2.84,0.68,0.852124,0.640418
0.3,17.7,-45.5,2.03,0.56,0.618195,0.483185
0.3,17.1,-45.8,2.19,0.51,0.618195,0.409486
0.29,21.7,-41.7,2.05,0.49,0.607805,0.444264
0.42,22.1,-42.3,2.62,0.5,0.731459,0.47502
0.18,29.2,-42.5,1.75,0.29,0.478852,0.300806
0.05,28.6,-42.5,1.01,0.17,0.252377,0.138921
0.31,29,-43.4,2.17,0.5,0.628414,0.436922
0.41,27.3,-42.4,2.85,0.46,0.722698,0.404233
0.38,27.3,-43,2.58,0.56,0.695756,0.426606
0.3,15.9,-44.3,2.04,0.53,0.618195,0.476717
0.44,16,-43.8,2.66,0.68,0.748672,0.493194
0.47,14.8,-43.9,2.53,0.66,0.773774,0.612197
0.37,14.3,-42.6,2.39,0.6,0.68654,0.469754
0.31,15,-42.9,2.22,0.55,0.628414,0.418357
0.23,15.5,-42.6,1.89,0.39,0.541289,0.368373
0.15,16.1,-42.7,1.57,0.33,0.43713,0.282821
0.21,15.7,-43,2,0.31,0.517219,0.297748
0.69,20.4,-41.7,3.7,0.62,0.93754,0.523717
0.19,19.2,-41.3,1.72,0.42,0.491974,0.334066
0.34,21.2,-41.1,2.16,0.54,0.658119,0.515099
0.14,21,-40.7,1.53,0.33,0.422308,0.269246
0.15,21.4,-40.5,1.54,0.37,0.43713,0.292703
0.25,22.4,-41.4,1.9,0.45,0.564333,0.414203
0.16,22.8,-42,1.68,0.33,0.451466,0.275531
0.44,18.7,-40.7,2.72,0.49,0.748672,0.474554
0.79,18.9,-39.8,3.66,0.92,1.00318,0.631303
0.25,17.3,-39.9,1.84,0.51,0.564333,0.450397
0.14,17,-39.4,1.41,0.35,0.422308,0.316296
0.26,16.6,-38.9,1.92,0.46,0.575509,0.431621
0.17,16.8,-38.4,1.53,0.45,0.465361,0.362626
0.2,16.1,-38.6,1.66,0.46,0.504754,0.392955
0.12,16.4,-38.4,1.32,0.31,0.390981,0.285397
0.18,16.4,-37.9,1.71,0.33,0.478852,0.31285
0.12,16.1,-38.1,1.32,0.35,0.390981,0.285397
0.34,15.2,-38.1,2.4,0.42,0.658119,0.414627
0.37,14.1,-38.1,2.44,0.55,0.68654,0.452058
0.21,14.1,-37.4,1.78,0.4,0.517219,0.362179
0.33,14.7,-37.6,2.18,0.54,0.648369,0.477276
0.08,14.6,-38.2,1.13,0.25,0.319235,0.212188
0.33,15.5,-37.2,2.34,0.46,0.648369,0.415677
0.17,16,-36.7,1.65,0.35,0.465361,0.307941
0.48,16.7,-36,2.71,0.55,0.781962,0.539673
1.16,17.5,-36.7,4.13,1.16,1.21561,0.873857
0.35,18,-37.4,2.21,0.6,0.667727,0.510853
0.12,16.6,-36.9,1.43,0.28,0.390981,0.245448
0.25,16.2,-37.2,1.99,0.55,0.564333,0.37701
0.35,20.8,-38.1,2.45,0.54,0.667727,0.416465
0.1,20.2,-38.4,1.2,0.28,0.356915,0.263081
0.26,20.5,-37.7,2,0.41,0.575509,0.395201
0.4,25.6,-37.5,2.35,0.63,0.713831,0.553948
0.36,26.5,-37.2,2.31,0.51,0.677199,0.48282
0.41,26.5,-37.8,2.5,0.53,0.722698,0.500627
0.48,25.7,-38.2,2.75,0.58,0.781962,0.524788
0.17,26.4,-38.7,1.58,0.37,0.465361,0.33533
0.32,26.8,-38.3,2.21,0.44,0.63847,0.4418
0.14,27.7,-38.4,1.62,0.31,0.422308,0.246126
0.45,27.4,-36.9,2.63,0.63,0.757132,0.520199
0.52,28.3,-38,2.72,0.68,0.813892,0.607642
0.66,29,-38.9,3.25,0.67,0.916932,0.606549
0.42,29.5,-37.2,2.35,0.68,0.731459,0.613751
0.22,19.6,-35.7,1.85,0.37,0.529391,0.35972
0.22,17.3,-35.2,2.04,0.37,0.529391,0.306283
0.71,17.7,-34.5,3.41,0.67,0.95103,0.616369
0.15,17.7,-35.5,1.51,0.39,0.43713,0.303924
0.42,19.2,-33.7,2.53,0.56,0.731459,0.506811
0.48,20.4,-33.9,2.55,0.68,0.781962,0.623609
0.29,20.8,-33.4,1.98,0.58,0.607805,0.486364
0.49,21.1,-34.1,2.62,0.67,0.790066,0.601337
0.51,20.6,-34.7,2.63,0.66,0.806028,0.641664
0.67,21.6,-33.2,3.14,0.87,0.923852,0.663635
0.49,25.6,-34,2.56,0.75,0.790066,0.643011
0.43,25.5,-34.7,2.66,0.56,0.740115,0.477823
0.57,18.4,-33.1,2.89,0.68,0.852124,0.61501
0.44,17.4,-33.2,2.61,0.55,0.748672,0.510822
0.56,18.1,-33.7,3.21,0.58,0.844616,0.498465
0.47,17,-33.9,2.82,0.58,0.773774,0.487904
0.19,16.8,-32.4,1.83,0.33,0.491974,0.300371
0.42,16.5,-32.9,2.85,0.42,0.731459,0.416238
0.12,15.9,-32.5,1.24,0.37,0.390981,0.348493
0.15,16,-33,1.43,0.38,0.43713,0.345562
1.73,24.7,-32.8,5.14,1.23,1.484527,1.026136
1.06,26.2,-32.3,4,0.93,1.162032,0.812719
0.38,25,-31.8,2.35,0.67,0.695756,0.506836
0.34,24.3,-31.7,2.2,0.61,0.658119,0.491113
0.94,29.9,-33.9,3.74,0.85,1.094282,0.776719
0.22,31.1,-34,1.98,0.35,0.529391,0.320401
0.83,30.4,-28.8,3.62,0.89,1.028263,0.68861
0.49,31.1,-28.5,3.1,0.59,0.790066,0.44504
0.14,31.7,-28.6,1.38,0.38,0.422308,0.334944
0.47,32.4,-28.7,2.61,0.62,0.773774,0.565333
0.16,32.8,-29.4,1.44,0.41,0.451466,0.390711
0.64,31.9,-29.3,3.12,0.73,0.902932,0.626754
0.65,30.7,-29.6,3.05,0.85,0.909959,0.674569
0.51,31.6,-29.8,3.04,0.65,0.806028,0.481268
0.54,27.3,-27.5,2.78,0.64,0.829396,0.614864
0.34,27.7,-28.2,2.54,0.42,0.658119,0.37974
0.11,26.8,-27.7,1.27,0.29,0.374336,0.270341
0.26,26.6,-28,2.04,0.42,0.575509,0.380842
0.78,25.9,-28,3.48,0.91,0.99681,0.678138
0.64,26.9,-28.7,3.02,0.68,0.902932,0.672771
0.22,25.9,-28.7,1.95,0.31,0.529391,0.328239
0.62,27.3,-29.5,3.19,0.7,0.888712,0.574927
0.43,26.2,-29.2,2.57,0.55,0.740115,0.508862
0.43,26.8,-29.8,2.8,0.47,0.740115,0.439885
0.17,26.5,-30.1,1.87,0.28,0.465361,0.253809
0.51,15.1,-28,2.7,0.72,0.806028,0.59843
0.32,15.6,-27.7,2.37,0.48,0.63847,0.390891
0.1,15.9,-27.5,1.29,0.27,0.356915,0.228623
0.36,16.9,-28.2,2.34,0.54,0.677199,0.470181
0.15,16.2,-28.1,1.52,0.34,0.43713,0.30001
0.15,16.5,-27.7,1.46,0.35,0.43713,0.327093
0.05,16.2,-27.5,0.95,0.2,0.252377,0.151809
0.37,17.6,-27.9,2.42,0.55,0.68654,0.45885
0.34,17.5,-28.5,2.33,0.56,0.658119,0.436378
0.48,16.6,-29.1,2.69,0.64,0.781962,0.54773
0.22,17.7,-29.2,1.74,0.48,0.529391,0.412779
0.24,17.6,-29.8,2.01,0.36,0.552931,0.350301
0.75,18.7,-28.2,3.5,0.79,0.977453,0.634977
0.17,18.9,-28.9,1.56,0.38,0.465361,0.345135
0.11,19.3,-29.3,1.45,0.26,0.374336,0.215187
0.34,20,-30.1,2.53,0.41,0.658119,0.381946
0.98,16.9,-26.9,4.1,0.9,1.117322,0.696475
0.67,20.8,-27,3.04,0.74,0.923852,0.717734
0.42,20.9,-26.1,2.57,0.7,0.731459,0.491774
0.72,15.2,-25.9,3.08,0.89,0.957704,0.800379
0.73,14.4,-26.4,3.42,0.75,0.964332,0.637213
0.36,13.9,-26.8,2.54,0.49,0.677199,0.407887
0.23,14.5,-27.2,1.99,0.45,0.541289,0.336643
0.66,16.3,-25.4,3.32,0.79,0.916932,0.584433
0.27,16,-24.8,2.22,0.39,0.586472,0.348385
0.17,15.2,-24.7,1.48,0.42,0.465361,0.408488
0.43,22.6,-25.6,2.97,0.5,0.740115,0.404023
0.73,21.4,-25.4,3.62,0.61,0.964332,0.579879
0.81,21.9,-24.8,3.92,0.6,1.015799,0.585996
0.43,24.2,-25.2,2.83,0.5,0.740115,0.432892
1.11,16.9,-22.4,4.09,0.96,1.189123,0.833004
0.62,15.5,-22.6,2.94,0.76,0.888712,0.680632
0.34,14.7,-22.4,2.33,0.53,0.658119,0.436378
0.22,14.2,-22.6,1.85,0.41,0.529391,0.35972
0.77,15.3,-23.9,3.55,0.79,0.9904,0.642234
0.35,16,-23.5,2.25,0.53,0.667727,0.489051
0.32,16.4,-23.1,2.28,0.48,0.63847,0.416907
0.6,16.5,-24.5,3.05,0.67,0.87426,0.59562
0.44,16.9,-23.7,2.69,0.58,0.748672,0.483575
0.21,17.6,-24.1,1.85,0.35,0.517219,0.336901
0.29,17.7,-23.2,2.17,0.41,0.607805,0.397072
0.32,18.2,-23.8,2.32,0.43,0.63847,0.404671
0.49,18.7,-22.7,3.04,0.5,0.790066,0.457806
0.52,19.2,-23.4,2.99,0.58,0.813892,0.506496
0.51,19.3,-24.2,2.91,0.62,0.806028,0.516326
0.62,20.4,-23.9,3.47,0.54,0.888712,0.504074
0.62,20.2,-24.6,3.34,0.63,0.888712,0.533483
0.48,20,-23.1,2.88,0.54,0.781962,0.484649
0.5,21.1,-23.5,3.02,0.53,0.798087,0.474139
0.55,20.9,-22.7,3.07,0.61,0.837041,0.522281
0.37,21.9,-22.4,2.48,0.52,0.68654,0.439441
0.31,22.7,-22.5,2.11,0.52,0.628414,0.464085
0.17,22.6,-23,1.57,0.45,0.465361,0.340083
0.49,21.8,-23,2.79,0.53,0.790066,0.526205
0.61,22.7,-23.8,3.71,0.56,0.881516,0.451503
0.39,22.4,-24.2,3.01,0.4,0.704851,0.35439
0.28,23.7,-24.3,2.19,0.42,0.597234,0.372933
0.28,24.1,-24.8,2.46,0.38,0.597234,0.314838
0.11,24.3,-24.5,1.24,0.3,0.374336,0.286047
0.42,50.8,-13,3.29,0.59,0.731459,0.344599
0.45,45.1,-25.1,2.52,0.67,0.757132,0.570978
0.15,45.7,-25.5,1.56,0.29,0.43713,0.285988
0.19,45.2,-25.9,1.7,0.37,0.491974,0.341738
0.15,45.8,-25.9,1.44,0.36,0.43713,0.338843
0.49,47.8,-26.8,3.22,0.48,0.790066,0.422272
0.15,47.1,-26.5,1.58,0.35,0.43713,0.279768
0.53,49,-27.7,2.84,0.63,0.821681,0.570089
0.36,45.4,-27.1,2.83,0.5,0.677199,0.350138
0.35,46.5,-27.3,2.35,0.47,0.667727,0.447583
0.41,47.6,-27.3,2.56,0.52,0.722698,0.478684
0.15,49.4,-28.3,1.54,0.36,0.43713,0.292703
0.32,48.5,-28.6,2.15,0.55,0.63847,0.468346
0.12,48.2,-27.5,1.4,0.33,0.390981,0.25439
0.84,49.1,-42.8,3.7,0.78,1.034439,0.673261
0.74,50.6,-42.6,3.37,0.81,0.970915,0.667968
